,@status,@severity,cwe->@id,results->result->description->#text,results->result->tool->@category,results->result->tool->@name,rule->@code,rule->@name,escalated_predicted,escalated_values_predicted,escalated_binary_predicted
0,escalated,info,,Unnecessary semicolon.,,JSHint,JH--W032,Unnecessary semicolon,escalated,0.88020957,1
1,escalated,info,,Functions declared within loops referencing an outer scoped variable may lead to confusing semantics. (modInfo),,JSHint,JH--W083,Don't make functions within a loop,escalated,0.9506576,1
2,escalated,info,,Unnecessary semicolon.,,JSHint,JH--W032,Unnecessary semicolon,escalated,0.88020957,1
3,escalated,info,,"Functions declared within loops referencing an outer scoped variable may lead to confusing semantics. (modInfo, console, modulesInfo)",,JSHint,JH--W083,Don't make functions within a loop,escalated,0.93547726,1
4,escalated,info,,Functions declared within loops referencing an outer scoped variable may lead to confusing semantics. (spacesPerIndentLevel),,JSHint,JH--W083,Don't make functions within a loop,escalated,0.9346132,1
5,escalated,info,,"Functions declared within loops referencing an outer scoped variable may lead to confusing semantics. (stringifyMessageSpec, stringifyEnum)",,JSHint,JH--W083,Don't make functions within a loop,escalated,0.934526,1
6,false-positive,info,,'async functions' is only available in ES8 (use 'esversion: 8').,,JSHint,JH--W119,Use of ES6 extension,False,0.24792802,0
7,escalated,info,,Functions declared within loops referencing an outer scoped variable may lead to confusing semantics. (modInfo),,JSHint,JH--W083,Don't make functions within a loop,escalated,0.9506576,1
8,escalated,info,,"Functions declared within loops referencing an outer scoped variable may lead to confusing semantics. (identsArr, idents)",,JSHint,JH--W083,Don't make functions within a loop,escalated,0.940375,1
9,false-positive,info,,'async functions' is only available in ES8 (use 'esversion: 8').,,JSHint,JH--W119,Use of ES6 extension,False,0.24792802,0
10,false-positive,info,,Expected an assignment or function call and instead saw an expression.,,JSHint,JH--W030,Expected an assignment or function call and saw an expression,escalated,0.986696,1
11,escalated,info,,"Functions declared within loops referencing an outer scoped variable may lead to confusing semantics. (stringifyMessageSpecMember, spacesPerIndentLevel, stringifyEnum)",,JSHint,JH--W083,Don't make functions within a loop,escalated,0.9424182,1
12,escalated,info,,"Functions declared within loops referencing an outer scoped variable may lead to confusing semantics. (stringifyMessageSpecMember, spacesPerIndentLevel)",,JSHint,JH--W083,Don't make functions within a loop,escalated,0.94123137,1
13,false-positive,info,398.0,Avoid using global variables.,Best Practices,PMD,PMD-Basic Ecmascript-GlobalVariable,Undeclared variables are global by default,False,0.019659579,0
14,false-positive,info,398.0,Avoid using global variables.,Best Practices,PMD,PMD-Basic Ecmascript-GlobalVariable,Undeclared variables are global by default,False,0.019659579,0
15,false-positive,info,398.0,Avoid using global variables.,Best Practices,PMD,PMD-Basic Ecmascript-GlobalVariable,Undeclared variables are global by default,False,0.019659579,0
16,false-positive,info,398.0,Avoid using global variables.,Best Practices,PMD,PMD-Basic Ecmascript-GlobalVariable,Undeclared variables are global by default,False,0.019659579,0
17,false-positive,info,398.0,Avoid using global variables.,Best Practices,PMD,PMD-Basic Ecmascript-GlobalVariable,Undeclared variables are global by default,False,0.019659579,0
18,false-positive,info,398.0,Avoid using global variables.,Best Practices,PMD,PMD-Basic Ecmascript-GlobalVariable,Undeclared variables are global by default,False,0.019659579,0
19,false-positive,info,,"Import ""from utilities import *"" should be placed at the top of the module",,Pylint,PYLINT-C0413,Wrong Import Position,False,0.036186725,0
20,false-positive,info,,"Import ""import json"" should be placed at the top of the module",,Pylint,PYLINT-C0413,Wrong Import Position,False,0.035135657,0
21,false-positive,info,,"Import ""from SimpleWebSocketServer import SimpleWebSocketServer, WebSocket"" should be placed at the top of the module",,Pylint,PYLINT-C0413,Wrong Import Position,False,0.03950596,0
22,escalated,info,398.0,Unused import os,,Pylint,PYLINT-W0611,Unused import,escalated,0.7891742,1
23,false-positive,info,,"Import ""import traceback"" should be placed at the top of the module",,Pylint,PYLINT-C0413,Wrong Import Position,False,0.036908984,0
24,false-positive,info,,"Import ""import os"" should be placed at the top of the module",,Pylint,PYLINT-C0413,Wrong Import Position,False,0.038471937,0
25,escalated,info,398.0,Unused import base64,,Pylint,PYLINT-W0611,Unused import,escalated,0.8121188,1
26,false-positive,info,,"Import ""import base64"" should be placed at the top of the module",,Pylint,PYLINT-C0413,Wrong Import Position,False,0.03512171,0
27,false-positive,info,,"Import ""import time"" should be placed at the top of the module",,Pylint,PYLINT-C0413,Wrong Import Position,False,0.037781894,0
28,false-positive,info,,"Import ""import uuid"" should be placed at the top of the module",,Pylint,PYLINT-C0413,Wrong Import Position,False,0.036019415,0
29,escalated,info,398.0,Unused import time,,Pylint,PYLINT-W0611,Unused import,escalated,0.7871734,1
30,false-positive,info,,"Import ""from whatsapp import WhatsAppWebClient"" should be placed at the top of the module",,Pylint,PYLINT-C0413,Wrong Import Position,False,0.039723784,0
31,false-positive,info,398.0,Avoid using global variables.,Best Practices,PMD,PMD-Basic Ecmascript-GlobalVariable,Undeclared variables are global by default,False,0.019659579,0
32,false-positive,info,398.0,Avoid using global variables.,Best Practices,PMD,PMD-Basic Ecmascript-GlobalVariable,Undeclared variables are global by default,False,0.019659579,0
33,false-positive,info,398.0,Avoid using global variables.,Best Practices,PMD,PMD-Basic Ecmascript-GlobalVariable,Undeclared variables are global by default,False,0.019659579,0
34,false-positive,info,398.0,Avoid using global variables.,Best Practices,PMD,PMD-Basic Ecmascript-GlobalVariable,Undeclared variables are global by default,False,0.019659579,0
35,escalated,info,,"standard import ""import json"" should be placed before ""from google.protobuf import json_format""",,Pylint,PYLINT-C0411,Wrong Import Order,escalated,0.5975699,1
36,false-positive,info,99.0,Redefining built-in 'str',,Pylint,rule-410f759ae99f23256b6e08025a5f69a2e75c5191f98138371e845c83379bd593,Resource Injection,False,0.059327275,0
37,false-positive,info,99.0,Redefining built-in 'str',,Pylint,rule-410f759ae99f23256b6e08025a5f69a2e75c5191f98138371e845c83379bd593,Resource Injection,False,0.059327275,0
38,false-positive,info,99.0,Redefining built-in 'str',,Pylint,rule-410f759ae99f23256b6e08025a5f69a2e75c5191f98138371e845c83379bd593,Resource Injection,False,0.059327275,0
39,false-positive,info,99.0,Redefining built-in 'str',,Pylint,rule-410f759ae99f23256b6e08025a5f69a2e75c5191f98138371e845c83379bd593,Resource Injection,False,0.059327275,0
40,false-positive,info,398.0,Avoid using global variables.,Best Practices,PMD,PMD-Basic Ecmascript-GlobalVariable,Undeclared variables are global by default,False,0.019659579,0
41,false-positive,info,398.0,Avoid using global variables.,Best Practices,PMD,PMD-Basic Ecmascript-GlobalVariable,Undeclared variables are global by default,False,0.019659579,0
42,false-positive,info,398.0,Avoid using global variables.,Best Practices,PMD,PMD-Basic Ecmascript-GlobalVariable,Undeclared variables are global by default,False,0.019659579,0
43,false-positive,info,398.0,Avoid using global variables.,Best Practices,PMD,PMD-Basic Ecmascript-GlobalVariable,Undeclared variables are global by default,False,0.019659579,0
44,false-positive,info,398.0,Avoid using global variables.,Best Practices,PMD,PMD-Basic Ecmascript-GlobalVariable,Undeclared variables are global by default,False,0.019659579,0
45,false-positive,info,398.0,Avoid using global variables.,Best Practices,PMD,PMD-Basic Ecmascript-GlobalVariable,Undeclared variables are global by default,False,0.019659579,0
46,false-positive,info,398.0,Avoid using global variables.,Best Practices,PMD,PMD-Basic Ecmascript-GlobalVariable,Undeclared variables are global by default,False,0.019659579,0
47,false-positive,info,398.0,Avoid using global variables.,Best Practices,PMD,PMD-Basic Ecmascript-GlobalVariable,Undeclared variables are global by default,False,0.019659579,0
48,false-positive,info,398.0,Avoid using global variables.,Best Practices,PMD,PMD-Basic Ecmascript-GlobalVariable,Undeclared variables are global by default,False,0.019659579,0
49,false-positive,info,398.0,Avoid using global variables.,Best Practices,PMD,PMD-Basic Ecmascript-GlobalVariable,Undeclared variables are global by default,False,0.019659579,0
50,escalated,info,,Bad escaping of EOL. Use option multistr if needed.,,JSHint,JH--W043,Bad escaping of EOL,escalated,0.97203803,1
51,escalated,info,,Bad escaping of EOL. Use option multistr if needed.,,JSHint,JH--W043,Bad escaping of EOL,escalated,0.97203803,1
52,escalated,info,,Bad escaping of EOL. Use option multistr if needed.,,JSHint,JH--W043,Bad escaping of EOL,escalated,0.97203803,1
53,escalated,info,,Bad escaping of EOL. Use option multistr if needed.,,JSHint,JH--W043,Bad escaping of EOL,escalated,0.97203803,1
54,escalated,info,,Bad escaping of EOL. Use option multistr if needed.,,JSHint,JH--W043,Bad escaping of EOL,escalated,0.97203803,1
55,escalated,info,,Bad escaping of EOL. Use option multistr if needed.,,JSHint,JH--W043,Bad escaping of EOL,escalated,0.97203803,1
56,escalated,info,,Bad escaping of EOL. Use option multistr if needed.,,JSHint,JH--W043,Bad escaping of EOL,escalated,0.97203803,1
57,escalated,info,,Bad escaping of EOL. Use option multistr if needed.,,JSHint,JH--W043,Bad escaping of EOL,escalated,0.97203803,1
58,escalated,info,,Bad escaping of EOL. Use option multistr if needed.,,JSHint,JH--W043,Bad escaping of EOL,escalated,0.97203803,1
59,escalated,info,,Bad escaping of EOL. Use option multistr if needed.,,JSHint,JH--W043,Bad escaping of EOL,escalated,0.97203803,1
60,escalated,info,,Bad escaping of EOL. Use option multistr if needed.,,JSHint,JH--W043,Bad escaping of EOL,escalated,0.97203803,1
61,escalated,info,,Bad escaping of EOL. Use option multistr if needed.,,JSHint,JH--W043,Bad escaping of EOL,escalated,0.97203803,1
62,escalated,info,,Bad escaping of EOL. Use option multistr if needed.,,JSHint,JH--W043,Bad escaping of EOL,escalated,0.97203803,1
63,escalated,info,,Bad escaping of EOL. Use option multistr if needed.,,JSHint,JH--W043,Bad escaping of EOL,escalated,0.97203803,1
64,false-positive,info,,"Import ""from google.protobuf import reflection as _reflection"" should be placed at the top of the module",,Pylint,PYLINT-C0413,Wrong Import Position,False,0.040544927,0
65,false-positive,info,,"Import ""from google.protobuf import descriptor as _descriptor"" should be placed at the top of the module",,Pylint,PYLINT-C0413,Wrong Import Position,False,0.03854841,0
66,false-positive,info,,"Import ""from google.protobuf import message as _message"" should be placed at the top of the module",,Pylint,PYLINT-C0413,Wrong Import Position,False,0.036772758,0
67,false-positive,info,,"Import ""from google.protobuf import symbol_database as _symbol_database"" should be placed at the top of the module",,Pylint,PYLINT-C0413,Wrong Import Position,False,0.037913263,0
68,escalated,info,,Consider using ternary (lambda x: x if sys.version_info[0] &lt; 3 else lambda x: x.encode('latin1')),,Pylint,PYLINT-R1706,Consider using ternary,escalated,0.6386453,1
69,escalated,info,,Expected an assignment or function call and instead saw an expression.,,JSHint,JH--W030,Expected an assignment or function call and saw an expression,escalated,0.986696,1
70,escalated,info,,,,,JH--W030,Expected an assignment or function call and saw an expression,escalated,0.989495,1
71,escalated,info,,,,,JH--W030,Expected an assignment or function call and saw an expression,escalated,0.989495,1
72,escalated,info,,,,,JH--W030,Expected an assignment or function call and saw an expression,escalated,0.989495,1
73,escalated,info,,,,,JH--W030,Expected an assignment or function call and saw an expression,escalated,0.989495,1
74,escalated,info,,Missing '()' invoking a constructor.,,JSHint,JH--W058,Missing '()' invoking constructor,escalated,0.970675,1
75,escalated,info,,,,,JH--W030,Expected an assignment or function call and saw an expression,escalated,0.989495,1
76,escalated,info,,,,,JH--W030,Expected an assignment or function call and saw an expression,escalated,0.989495,1
77,false-positive,info,,,,,JH--W004,Function already defined,False,0.06297642,0
78,escalated,info,,,,,JH--W030,Expected an assignment or function call and saw an expression,escalated,0.989495,1
79,false-positive,info,,,,,JH--W004,Function already defined,False,0.06297642,0
80,escalated,info,,,,,JH--W030,Expected an assignment or function call and saw an expression,escalated,0.989495,1
81,escalated,info,,,,,JH--W117,Not defined,escalated,0.9665334,1
82,escalated,info,,,,,JH--W117,Not defined,escalated,0.9665334,1
83,false-positive,info,398.0,,,,PMD-Basic Ecmascript-GlobalVariable,Undeclared variables are global by default,False,0.16541865,0
84,escalated,info,,,,,JH--W117,Not defined,escalated,0.9665334,1
85,escalated,info,,,,,JH--W030,Expected an assignment or function call and saw an expression,escalated,0.989495,1
86,escalated,info,,,,,JH--W030,Expected an assignment or function call and saw an expression,escalated,0.989495,1
87,escalated,info,,,,,JH--W117,Not defined,escalated,0.9665334,1
88,escalated,info,,Expected an assignment or function call and instead saw an expression.,,JSHint,JH--W030,Expected an assignment or function call and saw an expression,escalated,0.986696,1
89,escalated,info,,,,,JH--W117,Not defined,escalated,0.9665334,1
90,escalated,info,,,,,JH--W030,Expected an assignment or function call and saw an expression,escalated,0.989495,1
91,escalated,info,,,,,JH--W030,Expected an assignment or function call and saw an expression,escalated,0.989495,1
92,escalated,info,,,,,JH--W117,Not defined,escalated,0.9665334,1
93,escalated,info,,Expected an assignment or function call and instead saw an expression.,,JSHint,JH--W030,Expected an assignment or function call and saw an expression,escalated,0.986696,1
94,escalated,info,,,,,JH--W030,Expected an assignment or function call and saw an expression,escalated,0.989495,1
95,escalated,info,,,,,JH--W030,Expected an assignment or function call and saw an expression,escalated,0.989495,1
96,escalated,info,,,,,JH--W030,Expected an assignment or function call and saw an expression,escalated,0.989495,1
97,escalated,info,,,,,JH--W030,Expected an assignment or function call and saw an expression,escalated,0.989495,1
98,false-positive,info,,'a' is already defined.,,JSHint,JH--W004,Function already defined,False,0.0362916,0
99,escalated,info,,,,,JH--W030,Expected an assignment or function call and saw an expression,escalated,0.989495,1
100,escalated,info,,,,,JH--W040,Possible strict violation,escalated,0.9362579,1
101,escalated,info,,,,,JH--W030,Expected an assignment or function call and saw an expression,escalated,0.989495,1
102,escalated,info,,Expected an assignment or function call and instead saw an expression.,,JSHint,JH--W030,Expected an assignment or function call and saw an expression,escalated,0.986696,1
103,escalated,info,,Expected an assignment or function call and instead saw an expression.,,JSHint,JH--W030,Expected an assignment or function call and saw an expression,escalated,0.986696,1
104,escalated,info,,Missing '()' invoking a constructor.,,JSHint,JH--W058,Missing '()' invoking constructor,escalated,0.970675,1
105,escalated,info,,Expected an assignment or function call and instead saw an expression.,,JSHint,JH--W030,Expected an assignment or function call and saw an expression,escalated,0.986696,1
106,escalated,info,,,,,JH--W030,Expected an assignment or function call and saw an expression,escalated,0.989495,1
107,false-positive,info,,,,,JH--W004,Function already defined,False,0.06297642,0
108,escalated,info,,,,,JH--W030,Expected an assignment or function call and saw an expression,escalated,0.989495,1
109,escalated,info,,"If a strict mode function is executed using function invocation, its 'this' value will be undefined.",,JSHint,JH--W040,Possible strict violation,escalated,0.93144214,1
110,escalated,info,,Expected an assignment or function call and instead saw an expression.,,JSHint,JH--W030,Expected an assignment or function call and saw an expression,escalated,0.986696,1
111,escalated,info,,Expected an assignment or function call and instead saw an expression.,,JSHint,JH--W030,Expected an assignment or function call and saw an expression,escalated,0.986696,1
112,escalated,info,,Expected an assignment or function call and instead saw an expression.,,JSHint,JH--W030,Expected an assignment or function call and saw an expression,escalated,0.986696,1
113,false-positive,info,398.0,Avoid using global variables.,Best Practices,PMD,PMD-Basic Ecmascript-GlobalVariable,Undeclared variables are global by default,False,0.019659579,0
114,escalated,info,,,,,JH--W058,Missing '()' invoking constructor,escalated,0.9626646,1
115,escalated,info,,,,,JH--W030,Expected an assignment or function call and saw an expression,escalated,0.989495,1
116,escalated,info,,,,,JH--W030,Expected an assignment or function call and saw an expression,escalated,0.989495,1
117,escalated,info,398.0,The for-in loop variable 'c' should be explicitly scoped with var to avoid pollution.,Best Practices,PMD,PMD-Basic Ecmascript-ScopeForInVariable,For-in loop variable not explicitly scoped,escalated,0.895004,1
118,escalated,info,,,,,JH--W117,Not defined,escalated,0.9665334,1
119,escalated,info,,,,,JH--W030,Expected an assignment or function call and saw an expression,escalated,0.989495,1
120,escalated,info,,,,,JH--W117,Not defined,escalated,0.9665334,1
121,escalated,info,,Expected an assignment or function call and instead saw an expression.,,JSHint,JH--W030,Expected an assignment or function call and saw an expression,escalated,0.986696,1
122,false-positive,info,,,,,JH--W004,Function already defined,False,0.06297642,0
123,escalated,info,,Missing '()' invoking a constructor.,,JSHint,JH--W058,Missing '()' invoking constructor,escalated,0.970675,1
124,escalated,info,,,,,JH--W030,Expected an assignment or function call and saw an expression,escalated,0.989495,1
125,escalated,info,,'escape' is not defined.,,JSHint,JH--W117,Not defined,escalated,0.9523746,1
126,false-positive,info,,A leading decimal point can be confused with a dot: '.5'.,,JSHint,JH--W008,A leading decimal point can be confused with a dot,False,0.12676549,0
127,escalated,info,,Expected an assignment or function call and instead saw an expression.,,JSHint,JH--W030,Expected an assignment or function call and saw an expression,escalated,0.986696,1
128,false-positive,info,,,,,JH--W004,Function already defined,False,0.06297642,0
129,escalated,info,,,,,JH--W030,Expected an assignment or function call and saw an expression,escalated,0.989495,1
130,escalated,info,,Expected an assignment or function call and instead saw an expression.,,JSHint,JH--W030,Expected an assignment or function call and saw an expression,escalated,0.986696,1
131,escalated,info,,Expected an assignment or function call and instead saw an expression.,,JSHint,JH--W030,Expected an assignment or function call and saw an expression,escalated,0.986696,1
132,escalated,info,,,,,JH--W030,Expected an assignment or function call and saw an expression,escalated,0.989495,1
133,escalated,info,,,,,JH--W030,Expected an assignment or function call and saw an expression,escalated,0.989495,1
134,escalated,info,,Missing '()' invoking a constructor.,,JSHint,JH--W058,Missing '()' invoking constructor,escalated,0.970675,1
135,escalated,info,,,,,JH--W030,Expected an assignment or function call and saw an expression,escalated,0.989495,1
136,escalated,info,,Expected an assignment or function call and instead saw an expression.,,JSHint,JH--W030,Expected an assignment or function call and saw an expression,escalated,0.986696,1
137,escalated,info,,,,,JH--W030,Expected an assignment or function call and saw an expression,escalated,0.989495,1
138,escalated,info,,,,,JH--W117,Not defined,escalated,0.9665334,1
139,escalated,info,,,,,JH--W040,Possible strict violation,escalated,0.9362579,1
140,escalated,info,,,,,JH--W030,Expected an assignment or function call and saw an expression,escalated,0.989495,1
141,escalated,info,,Expected an assignment or function call and instead saw an expression.,,JSHint,JH--W030,Expected an assignment or function call and saw an expression,escalated,0.986696,1
142,escalated,info,,,,,JH--W030,Expected an assignment or function call and saw an expression,escalated,0.989495,1
143,escalated,info,,,,,JH--W030,Expected an assignment or function call and saw an expression,escalated,0.989495,1
144,false-positive,info,,'b' is already defined.,,JSHint,JH--W004,Function already defined,False,0.032650888,0
145,escalated,info,,,,,JH--W030,Expected an assignment or function call and saw an expression,escalated,0.989495,1
146,escalated,info,,,,,JH--W117,Not defined,escalated,0.9665334,1
147,escalated,info,,,,,JH--W030,Expected an assignment or function call and saw an expression,escalated,0.989495,1
148,escalated,info,,Expected an assignment or function call and instead saw an expression.,,JSHint,JH--W030,Expected an assignment or function call and saw an expression,escalated,0.986696,1
149,false-positive,info,,'h' is already defined.,,JSHint,JH--W004,Function already defined,False,0.0334678,0
150,escalated,info,,Expected an assignment or function call and instead saw an expression.,,JSHint,JH--W030,Expected an assignment or function call and saw an expression,escalated,0.986696,1
151,escalated,info,,,,,JH--W030,Expected an assignment or function call and saw an expression,escalated,0.989495,1
152,escalated,info,,,,,JH--W030,Expected an assignment or function call and saw an expression,escalated,0.989495,1
153,escalated,info,,,,,JH--W030,Expected an assignment or function call and saw an expression,escalated,0.989495,1
154,false-positive,info,,'d' is already defined.,,JSHint,JH--W004,Function already defined,False,0.046524942,0
155,escalated,info,,Expected an assignment or function call and instead saw an expression.,,JSHint,JH--W030,Expected an assignment or function call and saw an expression,escalated,0.986696,1
156,escalated,info,,,,,JH--W030,Expected an assignment or function call and saw an expression,escalated,0.989495,1
157,escalated,info,,Missing '()' invoking a constructor.,,JSHint,JH--W058,Missing '()' invoking constructor,escalated,0.970675,1
158,escalated,info,,Expected an assignment or function call and instead saw an expression.,,JSHint,JH--W030,Expected an assignment or function call and saw an expression,escalated,0.986696,1
159,escalated,info,,Expected an assignment or function call and instead saw an expression.,,JSHint,JH--W030,Expected an assignment or function call and saw an expression,escalated,0.986696,1
160,escalated,info,,Missing '()' invoking a constructor.,,JSHint,JH--W058,Missing '()' invoking constructor,escalated,0.970675,1
161,false-positive,info,,,,,JH--W008,A leading decimal point can be confused with a dot,False,0.29232168,0
162,escalated,info,,,,,JH--W030,Expected an assignment or function call and saw an expression,escalated,0.989495,1
163,false-positive,info,,'b' is already defined.,,JSHint,JH--W004,Function already defined,False,0.032650888,0
164,escalated,info,,,,,JH--W030,Expected an assignment or function call and saw an expression,escalated,0.989495,1
165,escalated,info,,,,,JH--W030,Expected an assignment or function call and saw an expression,escalated,0.989495,1
166,escalated,info,398.0,The for-in loop variable 'b' should be explicitly scoped with var to avoid pollution.,Best Practices,PMD,PMD-Basic Ecmascript-ScopeForInVariable,For-in loop variable not explicitly scoped,escalated,0.89841783,1
167,escalated,info,,Expected an assignment or function call and instead saw an expression.,,JSHint,JH--W030,Expected an assignment or function call and saw an expression,escalated,0.986696,1
168,escalated,info,,Missing '()' invoking a constructor.,,JSHint,JH--W058,Missing '()' invoking constructor,escalated,0.970675,1
169,escalated,info,,Expected an assignment or function call and instead saw an expression.,,JSHint,JH--W030,Expected an assignment or function call and saw an expression,escalated,0.986696,1
170,escalated,info,,Expected an assignment or function call and instead saw an expression.,,JSHint,JH--W030,Expected an assignment or function call and saw an expression,escalated,0.986696,1
171,escalated,info,398.0,The for-in loop variable 'd' should be explicitly scoped with var to avoid pollution.,Best Practices,PMD,PMD-Basic Ecmascript-ScopeForInVariable,For-in loop variable not explicitly scoped,escalated,0.8949324,1
172,escalated,info,,Expected an assignment or function call and instead saw an expression.,,JSHint,JH--W030,Expected an assignment or function call and saw an expression,escalated,0.986696,1
173,escalated,info,,Expected an assignment or function call and instead saw an expression.,,JSHint,JH--W030,Expected an assignment or function call and saw an expression,escalated,0.986696,1
174,escalated,info,,"If a strict mode function is executed using function invocation, its 'this' value will be undefined.",,JSHint,JH--W040,Possible strict violation,escalated,0.93144214,1
175,false-positive,info,,"Use the function form of ""use strict"".",,JSHint,JH--W097,Use function form of 'use strict',False,0.44431102,0
176,escalated,info,,,,,JH--W030,Expected an assignment or function call and saw an expression,escalated,0.989495,1
177,escalated,info,,,,,JH--W030,Expected an assignment or function call and saw an expression,escalated,0.989495,1
178,escalated,info,,,,,JH--W030,Expected an assignment or function call and saw an expression,escalated,0.989495,1
179,escalated,info,398.0,The for-in loop variable 'c' should be explicitly scoped with var to avoid pollution.,Best Practices,PMD,PMD-Basic Ecmascript-ScopeForInVariable,For-in loop variable not explicitly scoped,escalated,0.895004,1
180,escalated,info,,Missing '()' invoking a constructor.,,JSHint,JH--W058,Missing '()' invoking constructor,escalated,0.970675,1
181,escalated,info,,Expected an assignment or function call and instead saw an expression.,,JSHint,JH--W030,Expected an assignment or function call and saw an expression,escalated,0.986696,1
182,escalated,info,,Expected an assignment or function call and instead saw an expression.,,JSHint,JH--W030,Expected an assignment or function call and saw an expression,escalated,0.986696,1
183,escalated,info,,,,,JH--W040,Possible strict violation,escalated,0.9362579,1
184,escalated,info,,,,,JH--W030,Expected an assignment or function call and saw an expression,escalated,0.989495,1
185,escalated,info,,Expected an assignment or function call and instead saw an expression.,,JSHint,JH--W030,Expected an assignment or function call and saw an expression,escalated,0.986696,1
186,false-positive,info,,A leading decimal point can be confused with a dot: '.5'.,,JSHint,JH--W008,A leading decimal point can be confused with a dot,False,0.12676549,0
187,false-positive,info,398.0,Avoid using global variables.,Best Practices,PMD,PMD-Basic Ecmascript-GlobalVariable,Undeclared variables are global by default,False,0.019659579,0
188,escalated,info,,,,,JH--W030,Expected an assignment or function call and saw an expression,escalated,0.989495,1
189,escalated,info,,Expected an assignment or function call and instead saw an expression.,,JSHint,JH--W030,Expected an assignment or function call and saw an expression,escalated,0.986696,1
190,escalated,info,,Missing '()' invoking a constructor.,,JSHint,JH--W058,Missing '()' invoking constructor,escalated,0.970675,1
191,escalated,info,,,,,JH--W058,Missing '()' invoking constructor,escalated,0.9626646,1
192,escalated,info,,Expected an assignment or function call and instead saw an expression.,,JSHint,JH--W030,Expected an assignment or function call and saw an expression,escalated,0.986696,1
193,escalated,info,,,,,JH--W030,Expected an assignment or function call and saw an expression,escalated,0.989495,1
194,escalated,info,,Expected an assignment or function call and instead saw an expression.,,JSHint,JH--W030,Expected an assignment or function call and saw an expression,escalated,0.986696,1
195,escalated,info,,,,,JH--W030,Expected an assignment or function call and saw an expression,escalated,0.989495,1
196,false-positive,info,,A leading decimal point can be confused with a dot: '.5'.,,JSHint,JH--W008,A leading decimal point can be confused with a dot,False,0.12676549,0
197,escalated,info,,Missing '()' invoking a constructor.,,JSHint,JH--W058,Missing '()' invoking constructor,escalated,0.970675,1
198,false-positive,info,,'a' is already defined.,,JSHint,JH--W004,Function already defined,False,0.0362916,0
199,escalated,info,,Expected an assignment or function call and instead saw an expression.,,JSHint,JH--W030,Expected an assignment or function call and saw an expression,escalated,0.986696,1
200,escalated,info,,'unescape' is not defined.,,JSHint,JH--W117,Not defined,escalated,0.9524958,1
201,escalated,info,,'document' is not defined.,,JSHint,JH--W117,Not defined,escalated,0.9565363,1
202,escalated,info,,Missing '()' invoking a constructor.,,JSHint,JH--W058,Missing '()' invoking constructor,escalated,0.970675,1
203,escalated,info,,Expected an assignment or function call and instead saw an expression.,,JSHint,JH--W030,Expected an assignment or function call and saw an expression,escalated,0.986696,1
204,escalated,info,,,,,JH--W030,Expected an assignment or function call and saw an expression,escalated,0.989495,1
205,escalated,info,,Expected an assignment or function call and instead saw an expression.,,JSHint,JH--W030,Expected an assignment or function call and saw an expression,escalated,0.986696,1
206,escalated,info,,Expected an assignment or function call and instead saw an expression.,,JSHint,JH--W030,Expected an assignment or function call and saw an expression,escalated,0.986696,1
207,escalated,info,,Expected an assignment or function call and instead saw an expression.,,JSHint,JH--W030,Expected an assignment or function call and saw an expression,escalated,0.986696,1
208,false-positive,info,,'b' is already defined.,,JSHint,JH--W004,Function already defined,False,0.032650888,0
209,escalated,info,,,,,JH--W030,Expected an assignment or function call and saw an expression,escalated,0.989495,1
210,false-positive,info,,'d' used out of scope.,,JSHint,JH--W038,Use out of scope,False,0.254699,0
211,false-positive,info,,'h' is already defined.,,JSHint,JH--W004,Function already defined,False,0.0334678,0
212,false-positive,info,,'a' is already defined.,,JSHint,JH--W004,Function already defined,False,0.0362916,0
213,false-positive,info,,,,,JH--W004,Function already defined,False,0.06297642,0
214,escalated,info,,Expected an assignment or function call and instead saw an expression.,,JSHint,JH--W030,Expected an assignment or function call and saw an expression,escalated,0.986696,1
215,escalated,info,,"If a strict mode function is executed using function invocation, its 'this' value will be undefined.",,JSHint,JH--W040,Possible strict violation,escalated,0.93144214,1
216,escalated,info,,Expected an assignment or function call and instead saw an expression.,,JSHint,JH--W030,Expected an assignment or function call and saw an expression,escalated,0.986696,1
217,escalated,info,,Expected an assignment or function call and instead saw an expression.,,JSHint,JH--W030,Expected an assignment or function call and saw an expression,escalated,0.986696,1
218,escalated,info,,Expected an assignment or function call and instead saw an expression.,,JSHint,JH--W030,Expected an assignment or function call and saw an expression,escalated,0.986696,1
219,escalated,info,,Expected an assignment or function call and instead saw an expression.,,JSHint,JH--W030,Expected an assignment or function call and saw an expression,escalated,0.986696,1
220,false-positive,info,,'d' used out of scope.,,JSHint,JH--W038,Use out of scope,False,0.254699,0
221,escalated,info,,Expected an assignment or function call and instead saw an expression.,,JSHint,JH--W030,Expected an assignment or function call and saw an expression,escalated,0.986696,1
222,escalated,info,,Expected a conditional expression and instead saw an assignment.,,JSHint,JH--W084,Expected conditional expression and saw an assignment,escalated,0.8205125,1
223,escalated,info,,,,,JH--W030,Expected an assignment or function call and saw an expression,escalated,0.989495,1
224,escalated,info,,Missing '()' invoking a constructor.,,JSHint,JH--W058,Missing '()' invoking constructor,escalated,0.970675,1
225,escalated,info,,Label 'a' on try statement.,,JSHint,JH--W028,Label on statement,escalated,0.8318667,1
226,escalated,info,,,,,JH--W030,Expected an assignment or function call and saw an expression,escalated,0.989495,1
227,false-positive,info,,'c' is already defined.,,JSHint,JH--W004,Function already defined,False,0.04323098,0
228,escalated,info,,Expected an assignment or function call and instead saw an expression.,,JSHint,JH--W030,Expected an assignment or function call and saw an expression,escalated,0.986696,1
229,escalated,info,,Expected an assignment or function call and instead saw an expression.,,JSHint,JH--W030,Expected an assignment or function call and saw an expression,escalated,0.986696,1
230,escalated,info,,Expected an assignment or function call and instead saw an expression.,,JSHint,JH--W030,Expected an assignment or function call and saw an expression,escalated,0.986696,1
231,escalated,info,,Expected an assignment or function call and instead saw an expression.,,JSHint,JH--W030,Expected an assignment or function call and saw an expression,escalated,0.986696,1
232,escalated,info,,Expected an assignment or function call and instead saw an expression.,,JSHint,JH--W030,Expected an assignment or function call and saw an expression,escalated,0.986696,1
233,false-positive,info,,"Unnecessary ""elif"" after ""return""",,Pylint,PYLINT-R1705,Unnecessary else after return,False,0.037561953,0
234,false-positive,info,561.0,Unused variable 'i',,Pylint,rule-99e6d22e1a4011529c550091dd6e6cfd13dd4ca63e90fe1c680512e31cff8261,Dead Code,False,0.17657518,0
235,false-positive,info,561.0,Unused variable 'i',,Pylint,rule-99e6d22e1a4011529c550091dd6e6cfd13dd4ca63e90fe1c680512e31cff8261,Dead Code,False,0.17657518,0
236,false-positive,info,,"Unnecessary ""elif"" after ""return""",,Pylint,PYLINT-R1705,Unnecessary else after return,False,0.037561953,0
237,false-positive,info,,"Unnecessary ""else"" after ""return""",,Pylint,PYLINT-R1705,Unnecessary else after return,False,0.06710008,0
238,false-positive,info,561.0,Unused variable 'i',,Pylint,rule-99e6d22e1a4011529c550091dd6e6cfd13dd4ca63e90fe1c680512e31cff8261,Dead Code,False,0.17657518,0
239,false-positive,info,,"Unnecessary ""elif"" after ""return""",,Pylint,PYLINT-R1705,Unnecessary else after return,False,0.037561953,0
240,false-positive,info,561.0,Unused variable 'i',,Pylint,rule-99e6d22e1a4011529c550091dd6e6cfd13dd4ca63e90fe1c680512e31cff8261,Dead Code,False,0.17657518,0
241,false-positive,info,,"Unnecessary ""elif"" after ""return""",,Pylint,PYLINT-R1705,Unnecessary else after return,False,0.037561953,0
242,false-positive,info,,"Unnecessary ""elif"" after ""return""",,Pylint,PYLINT-R1705,Unnecessary else after return,False,0.037561953,0
243,escalated,info,398.0,Trailing whitespace,,Pylint,PYLINT-C0303,Trailing whitespace,escalated,0.9785145,1
244,escalated,info,398.0,Trailing whitespace,,Pylint,PYLINT-C0303,Trailing whitespace,escalated,0.9785145,1
245,escalated,info,398.0,Trailing whitespace,,Pylint,PYLINT-C0303,Trailing whitespace,escalated,0.9785145,1
246,escalated,info,398.0,Trailing whitespace,,Pylint,PYLINT-C0303,Trailing whitespace,escalated,0.9785145,1
247,escalated,info,398.0,Trailing whitespace,,Pylint,PYLINT-C0303,Trailing whitespace,escalated,0.9785145,1
248,escalated,info,398.0,Trailing whitespace,,Pylint,PYLINT-C0303,Trailing whitespace,escalated,0.9785145,1
249,escalated,info,398.0,Trailing whitespace,,Pylint,PYLINT-C0303,Trailing whitespace,escalated,0.9785145,1
250,escalated,info,398.0,Trailing whitespace,,Pylint,PYLINT-C0303,Trailing whitespace,escalated,0.9785145,1
251,escalated,info,398.0,Trailing whitespace,,Pylint,PYLINT-C0303,Trailing whitespace,escalated,0.9785145,1
252,escalated,info,398.0,Trailing whitespace,,Pylint,PYLINT-C0303,Trailing whitespace,escalated,0.9785145,1
253,escalated,info,398.0,Trailing whitespace,,Pylint,PYLINT-C0303,Trailing whitespace,escalated,0.9785145,1
254,escalated,info,398.0,Trailing whitespace,,Pylint,PYLINT-C0303,Trailing whitespace,escalated,0.9785145,1
255,false-positive,info,99.0,Redefining built-in 'str',,Pylint,rule-410f759ae99f23256b6e08025a5f69a2e75c5191f98138371e845c83379bd593,Resource Injection,False,0.059327275,0
256,escalated,info,398.0,Trailing whitespace,,Pylint,PYLINT-C0303,Trailing whitespace,escalated,0.9785145,1
257,false-positive,info,99.0,Redefining built-in 'bytes',,Pylint,rule-410f759ae99f23256b6e08025a5f69a2e75c5191f98138371e845c83379bd593,Resource Injection,False,0.09734392,0
258,false-positive,info,,"Unnecessary ""elif"" after ""return""",,Pylint,PYLINT-R1705,Unnecessary else after return,False,0.037561953,0
259,escalated,info,398.0,Trailing whitespace,,Pylint,PYLINT-C0303,Trailing whitespace,escalated,0.9785145,1
260,escalated,info,398.0,Trailing whitespace,,Pylint,PYLINT-C0303,Trailing whitespace,escalated,0.9785145,1
261,escalated,info,398.0,Trailing whitespace,,Pylint,PYLINT-C0303,Trailing whitespace,escalated,0.9785145,1
262,escalated,info,398.0,Trailing whitespace,,Pylint,PYLINT-C0303,Trailing whitespace,escalated,0.9785145,1
263,escalated,info,398.0,Trailing whitespace,,Pylint,PYLINT-C0303,Trailing whitespace,escalated,0.9785145,1
264,escalated,info,398.0,,,,PYLINT-W0611,Unused import,escalated,0.95882547,1
265,escalated,info,398.0,Trailing whitespace,,Pylint,PYLINT-C0303,Trailing whitespace,escalated,0.9785145,1
266,false-positive,info,,"Unnecessary ""elif"" after ""return""",,Pylint,PYLINT-R1705,Unnecessary else after return,False,0.037561953,0
267,escalated,info,398.0,Trailing whitespace,,Pylint,PYLINT-C0303,Trailing whitespace,escalated,0.9785145,1
268,escalated,info,398.0,Trailing whitespace,,Pylint,PYLINT-C0303,Trailing whitespace,escalated,0.9785145,1
269,escalated,info,398.0,Trailing whitespace,,Pylint,PYLINT-C0303,Trailing whitespace,escalated,0.9785145,1
270,escalated,info,398.0,Trailing whitespace,,Pylint,PYLINT-C0303,Trailing whitespace,escalated,0.9785145,1
271,escalated,info,398.0,Trailing whitespace,,Pylint,PYLINT-C0303,Trailing whitespace,escalated,0.9785145,1
272,false-positive,info,,"Unnecessary ""elif"" after ""return""",,Pylint,PYLINT-R1705,Unnecessary else after return,False,0.037561953,0
273,escalated,low,561.0,'d' is assigned a value but never used.,,ESLint,rule-99e6d22e1a4011529c550091dd6e6cfd13dd4ca63e90fe1c680512e31cff8261,Dead Code,escalated,0.98036957,1
274,escalated,low,561.0,'_0' is assigned a value but never used.,,ESLint,rule-99e6d22e1a4011529c550091dd6e6cfd13dd4ca63e90fe1c680512e31cff8261,Dead Code,escalated,0.9800656,1
275,escalated,low,561.0,'d' is assigned a value but never used.,,ESLint,rule-99e6d22e1a4011529c550091dd6e6cfd13dd4ca63e90fe1c680512e31cff8261,Dead Code,escalated,0.98036957,1
276,escalated,low,561.0,'req' is defined but never used.,,ESLint,rule-99e6d22e1a4011529c550091dd6e6cfd13dd4ca63e90fe1c680512e31cff8261,Dead Code,escalated,0.98358035,1
277,escalated,low,489.0,Unexpected console statement.,,ESLint,rule-626705a39e944c3161f73c8666fcb4e2bb8e294b6c4ecbb1f00aa4ab76f8db3d,Leftover Debug Code,escalated,0.99293244,1
278,escalated,low,561.0,'e' is defined but never used.,,ESLint,rule-99e6d22e1a4011529c550091dd6e6cfd13dd4ca63e90fe1c680512e31cff8261,Dead Code,escalated,0.98137224,1
279,escalated,low,561.0,'e' is defined but never used.,,ESLint,rule-99e6d22e1a4011529c550091dd6e6cfd13dd4ca63e90fe1c680512e31cff8261,Dead Code,escalated,0.98137224,1
280,escalated,low,561.0,'e' is defined but never used.,,ESLint,rule-99e6d22e1a4011529c550091dd6e6cfd13dd4ca63e90fe1c680512e31cff8261,Dead Code,escalated,0.98137224,1
281,escalated,low,561.0,'_' is assigned a value but never used.,,ESLint,rule-99e6d22e1a4011529c550091dd6e6cfd13dd4ca63e90fe1c680512e31cff8261,Dead Code,escalated,0.9821793,1
282,escalated,low,561.0,'fs' is assigned a value but never used.,,ESLint,rule-99e6d22e1a4011529c550091dd6e6cfd13dd4ca63e90fe1c680512e31cff8261,Dead Code,escalated,0.9809449,1
283,escalated,low,561.0,'path' is assigned a value but never used.,,ESLint,rule-99e6d22e1a4011529c550091dd6e6cfd13dd4ca63e90fe1c680512e31cff8261,Dead Code,escalated,0.9814688,1
284,escalated,low,489.0,Unexpected console statement.,,ESLint,rule-626705a39e944c3161f73c8666fcb4e2bb8e294b6c4ecbb1f00aa4ab76f8db3d,Leftover Debug Code,escalated,0.99293244,1
285,escalated,low,489.0,Unexpected console statement.,,ESLint,rule-626705a39e944c3161f73c8666fcb4e2bb8e294b6c4ecbb1f00aa4ab76f8db3d,Leftover Debug Code,escalated,0.99293244,1
286,escalated,low,489.0,Unexpected console statement.,,ESLint,rule-626705a39e944c3161f73c8666fcb4e2bb8e294b6c4ecbb1f00aa4ab76f8db3d,Leftover Debug Code,escalated,0.99293244,1
287,escalated,low,398.0,Unnecessary semicolon.,,ESLint,ESLINT-no-extra-semi,Disallow unnecessary semicolons,escalated,0.9849124,1
288,escalated,low,489.0,Unexpected console statement.,,ESLint,rule-626705a39e944c3161f73c8666fcb4e2bb8e294b6c4ecbb1f00aa4ab76f8db3d,Leftover Debug Code,escalated,0.99293244,1
289,escalated,low,489.0,Unexpected console statement.,,ESLint,rule-626705a39e944c3161f73c8666fcb4e2bb8e294b6c4ecbb1f00aa4ab76f8db3d,Leftover Debug Code,escalated,0.99293244,1
290,escalated,low,398.0,Unnecessary semicolon.,,ESLint,ESLINT-no-extra-semi,Disallow unnecessary semicolons,escalated,0.9849124,1
291,escalated,low,489.0,Unexpected console statement.,,ESLint,rule-626705a39e944c3161f73c8666fcb4e2bb8e294b6c4ecbb1f00aa4ab76f8db3d,Leftover Debug Code,escalated,0.99293244,1
292,escalated,low,489.0,Unexpected console statement.,,ESLint,rule-626705a39e944c3161f73c8666fcb4e2bb8e294b6c4ecbb1f00aa4ab76f8db3d,Leftover Debug Code,escalated,0.99293244,1
293,escalated,low,561.0,'backendResponse' is defined but never used.,,ESLint,rule-99e6d22e1a4011529c550091dd6e6cfd13dd4ca63e90fe1c680512e31cff8261,Dead Code,escalated,0.9828992,1
294,escalated,low,489.0,Unexpected console statement.,,ESLint,rule-626705a39e944c3161f73c8666fcb4e2bb8e294b6c4ecbb1f00aa4ab76f8db3d,Leftover Debug Code,escalated,0.99293244,1
295,escalated,low,561.0,'_' is assigned a value but never used.,,ESLint,rule-99e6d22e1a4011529c550091dd6e6cfd13dd4ca63e90fe1c680512e31cff8261,Dead Code,escalated,0.9821793,1
296,escalated,low,561.0,'backendResponse' is defined but never used.,,ESLint,rule-99e6d22e1a4011529c550091dd6e6cfd13dd4ca63e90fe1c680512e31cff8261,Dead Code,escalated,0.9828992,1
297,escalated,low,561.0,'fs' is assigned a value but never used.,,ESLint,rule-99e6d22e1a4011529c550091dd6e6cfd13dd4ca63e90fe1c680512e31cff8261,Dead Code,escalated,0.9809449,1
298,escalated,low,561.0,'path' is assigned a value but never used.,,ESLint,rule-99e6d22e1a4011529c550091dd6e6cfd13dd4ca63e90fe1c680512e31cff8261,Dead Code,escalated,0.9814688,1
299,escalated,low,561.0,'req' is defined but never used.,,ESLint,rule-99e6d22e1a4011529c550091dd6e6cfd13dd4ca63e90fe1c680512e31cff8261,Dead Code,escalated,0.98358035,1
300,escalated,low,489.0,Unexpected console statement.,,ESLint,rule-626705a39e944c3161f73c8666fcb4e2bb8e294b6c4ecbb1f00aa4ab76f8db3d,Leftover Debug Code,escalated,0.99293244,1
301,escalated,low,398.0,Return values from promise executor functions cannot be read.,,ESLint,ESLINT-no-promise-executor-return,Disallow returning values from Promise executor functions,escalated,0.97949743,1
302,escalated,low,665.0,Undefined variable 'reload',,Pylint,rule-05fd548cb946f6aefd3831fe4f1fd046e1827757e07f877f3a087b0ed98a03bf,Initialization,escalated,0.7458157,1
303,escalated,low,665.0,Undefined variable 'whatsapp',,Pylint,rule-05fd548cb946f6aefd3831fe4f1fd046e1827757e07f877f3a087b0ed98a03bf,Initialization,escalated,0.7602085,1
304,escalated,low,388.0,No exception type(s) specified,,Pylint,rule-e3f0972459f483bc18a68eed953b03a6c7e7fb7e495bc2047dd97eaba40f966b,Error Handling,escalated,0.86067903,1
305,escalated,low,561.0,'e' is defined but never used.,,ESLint,rule-99e6d22e1a4011529c550091dd6e6cfd13dd4ca63e90fe1c680512e31cff8261,Dead Code,escalated,0.98137224,1
306,escalated,low,561.0,'AESEncrypt' is defined but never used.,,ESLint,rule-99e6d22e1a4011529c550091dd6e6cfd13dd4ca63e90fe1c680512e31cff8261,Dead Code,escalated,0.98162866,1
307,escalated,low,489.0,Unexpected console statement.,,ESLint,rule-626705a39e944c3161f73c8666fcb4e2bb8e294b6c4ecbb1f00aa4ab76f8db3d,Leftover Debug Code,escalated,0.99293244,1
308,escalated,low,489.0,Unexpected console statement.,,ESLint,rule-626705a39e944c3161f73c8666fcb4e2bb8e294b6c4ecbb1f00aa4ab76f8db3d,Leftover Debug Code,escalated,0.99293244,1
309,escalated,low,489.0,Unexpected console statement.,,ESLint,rule-626705a39e944c3161f73c8666fcb4e2bb8e294b6c4ecbb1f00aa4ab76f8db3d,Leftover Debug Code,escalated,0.99293244,1
310,escalated,low,489.0,Unexpected console statement.,,ESLint,rule-626705a39e944c3161f73c8666fcb4e2bb8e294b6c4ecbb1f00aa4ab76f8db3d,Leftover Debug Code,escalated,0.99293244,1
311,escalated,low,561.0,'obj' is defined but never used.,,ESLint,rule-99e6d22e1a4011529c550091dd6e6cfd13dd4ca63e90fe1c680512e31cff8261,Dead Code,escalated,0.9838929,1
312,escalated,low,561.0,'sleep' is defined but never used.,,ESLint,rule-99e6d22e1a4011529c550091dd6e6cfd13dd4ca63e90fe1c680512e31cff8261,Dead Code,escalated,0.98172224,1
313,escalated,low,561.0,'reject' is defined but never used.,,ESLint,rule-99e6d22e1a4011529c550091dd6e6cfd13dd4ca63e90fe1c680512e31cff8261,Dead Code,escalated,0.9795555,1
314,escalated,low,561.0,'responseTimeout' is assigned a value but never used.,,ESLint,rule-99e6d22e1a4011529c550091dd6e6cfd13dd4ca63e90fe1c680512e31cff8261,Dead Code,escalated,0.9801235,1
315,escalated,low,489.0,Unexpected console statement.,,ESLint,rule-626705a39e944c3161f73c8666fcb4e2bb8e294b6c4ecbb1f00aa4ab76f8db3d,Leftover Debug Code,escalated,0.99293244,1
316,escalated,low,489.0,Unexpected console statement.,,ESLint,rule-626705a39e944c3161f73c8666fcb4e2bb8e294b6c4ecbb1f00aa4ab76f8db3d,Leftover Debug Code,escalated,0.99293244,1
317,escalated,low,489.0,Unexpected console statement.,,ESLint,rule-626705a39e944c3161f73c8666fcb4e2bb8e294b6c4ecbb1f00aa4ab76f8db3d,Leftover Debug Code,escalated,0.99293244,1
318,escalated,low,561.0,'node' is defined but never used.,,ESLint,rule-99e6d22e1a4011529c550091dd6e6cfd13dd4ca63e90fe1c680512e31cff8261,Dead Code,escalated,0.979767,1
319,escalated,low,398.0,Do not access Object.prototype method 'hasOwnProperty' from target object.,,ESLint,ESLINT-no-prototype-builtins,Disallow use of objectprototypes builtins directly,escalated,0.98845047,1
320,escalated,low,561.0,'jsonTree' is assigned a value but never used.,,ESLint,rule-99e6d22e1a4011529c550091dd6e6cfd13dd4ca63e90fe1c680512e31cff8261,Dead Code,escalated,0.9840019,1
321,escalated,low,561.0,'i' is defined but never used.,,ESLint,rule-99e6d22e1a4011529c550091dd6e6cfd13dd4ca63e90fe1c680512e31cff8261,Dead Code,escalated,0.9830651,1
322,escalated,low,561.0,'i' is defined but never used.,,ESLint,rule-99e6d22e1a4011529c550091dd6e6cfd13dd4ca63e90fe1c680512e31cff8261,Dead Code,escalated,0.9830651,1
323,escalated,low,561.0,'i' is defined but never used.,,ESLint,rule-99e6d22e1a4011529c550091dd6e6cfd13dd4ca63e90fe1c680512e31cff8261,Dead Code,escalated,0.9830651,1
324,escalated,low,561.0,'i' is defined but never used.,,ESLint,rule-99e6d22e1a4011529c550091dd6e6cfd13dd4ca63e90fe1c680512e31cff8261,Dead Code,escalated,0.9830651,1
325,escalated,low,704.0,Redundant Boolean call.,,ESLint,ESLINT-no-extra-boolean-cast,Disallow unnecessary boolean casts,escalated,0.98183143,1
326,escalated,low,561.0,'i' is defined but never used.,,ESLint,rule-99e6d22e1a4011529c550091dd6e6cfd13dd4ca63e90fe1c680512e31cff8261,Dead Code,escalated,0.9830651,1
327,escalated,low,398.0,Do not access Object.prototype method 'hasOwnProperty' from target object.,,ESLint,ESLINT-no-prototype-builtins,Disallow use of objectprototypes builtins directly,escalated,0.98845047,1
328,escalated,low,561.0,,,,rule-99e6d22e1a4011529c550091dd6e6cfd13dd4ca63e90fe1c680512e31cff8261,Dead Code,escalated,0.9724763,1
329,escalated,low,398.0,'a' is already defined.,,ESLint,ESLINT-no-redeclare,Disallow variable redeclaration,escalated,0.99030405,1
330,escalated,low,398.0,,,,ESLINT-no-redeclare,Disallow variable redeclaration,escalated,0.98874617,1
331,escalated,low,398.0,,,,ESLINT-no-redeclare,Disallow variable redeclaration,escalated,0.98874617,1
332,escalated,low,398.0,,,,ESLINT-no-redeclare,Disallow variable redeclaration,escalated,0.98874617,1
333,escalated,low,398.0,'a' is already defined.,,ESLint,ESLINT-no-redeclare,Disallow variable redeclaration,escalated,0.99030405,1
334,escalated,low,398.0,Empty block statement.,,ESLint,ESLINT-no-empty,Disallow empty block statements,escalated,0.97938645,1
335,escalated,low,398.0,Do not access Object.prototype method 'hasOwnProperty' from target object.,,ESLint,ESLINT-no-prototype-builtins,Disallow use of objectprototypes builtins directly,escalated,0.98845047,1
336,escalated,low,398.0,,,,ESLINT-no-redeclare,Disallow variable redeclaration,escalated,0.98874617,1
337,escalated,low,561.0,,,,rule-99e6d22e1a4011529c550091dd6e6cfd13dd4ca63e90fe1c680512e31cff8261,Dead Code,escalated,0.9724763,1
338,escalated,low,561.0,,,,rule-99e6d22e1a4011529c550091dd6e6cfd13dd4ca63e90fe1c680512e31cff8261,Dead Code,escalated,0.9724763,1
339,escalated,low,561.0,,,,rule-99e6d22e1a4011529c550091dd6e6cfd13dd4ca63e90fe1c680512e31cff8261,Dead Code,escalated,0.9724763,1
340,escalated,low,398.0,'h' is already defined.,,ESLint,ESLINT-no-redeclare,Disallow variable redeclaration,escalated,0.98946404,1
341,escalated,low,398.0,'b' is already defined.,,ESLint,ESLINT-no-redeclare,Disallow variable redeclaration,escalated,0.9891944,1
342,escalated,low,398.0,'h' is already defined.,,ESLint,ESLINT-no-redeclare,Disallow variable redeclaration,escalated,0.98946404,1
343,escalated,low,398.0,'d' is already defined.,,ESLint,ESLINT-no-redeclare,Disallow variable redeclaration,escalated,0.99250036,1
344,escalated,low,489.0,,,,rule-626705a39e944c3161f73c8666fcb4e2bb8e294b6c4ecbb1f00aa4ab76f8db3d,Leftover Debug Code,escalated,0.9857373,1
345,escalated,low,398.0,,,,ESLINT-no-redeclare,Disallow variable redeclaration,escalated,0.98874617,1
346,escalated,low,398.0,,,,ESLINT-no-redeclare,Disallow variable redeclaration,escalated,0.98874617,1
347,escalated,low,398.0,,,,ESLINT-no-prototype-builtins,Disallow use of objectprototypes builtins directly,escalated,0.98005766,1
348,escalated,low,398.0,'b' is already defined.,,ESLint,ESLINT-no-redeclare,Disallow variable redeclaration,escalated,0.9891944,1
349,escalated,low,398.0,Do not access Object.prototype method 'hasOwnProperty' from target object.,,ESLint,ESLINT-no-prototype-builtins,Disallow use of objectprototypes builtins directly,escalated,0.98845047,1
350,escalated,low,398.0,,,,ESLINT-no-useless-escape,Disallow unnecessary escape usage,escalated,0.96709096,1
351,escalated,low,398.0,'c' is already defined.,,ESLint,ESLINT-no-redeclare,Disallow variable redeclaration,escalated,0.9919059,1
352,escalated,low,398.0,'b' is already defined.,,ESLint,ESLINT-no-redeclare,Disallow variable redeclaration,escalated,0.9891944,1
353,escalated,low,398.0,'a' is already defined.,,ESLint,ESLINT-no-redeclare,Disallow variable redeclaration,escalated,0.99030405,1
354,escalated,low,489.0,Unexpected console statement.,,ESLint,rule-626705a39e944c3161f73c8666fcb4e2bb8e294b6c4ecbb1f00aa4ab76f8db3d,Leftover Debug Code,escalated,0.99293244,1
355,escalated,low,398.0,Do not access Object.prototype method 'hasOwnProperty' from target object.,,ESLint,ESLINT-no-prototype-builtins,Disallow use of objectprototypes builtins directly,escalated,0.98845047,1
356,false-positive,low,,"Either all return statements in a function should return an expression, or none of them should.",,Pylint,PYLINT-R1710,Inconsistent return statements,False,0.15697604,0
357,escalated,low,665.0,Undefined variable 'strng',,Pylint,rule-05fd548cb946f6aefd3831fe4f1fd046e1827757e07f877f3a087b0ed98a03bf,Initialization,escalated,0.74700445,1
358,false-positive,low,,"Either all return statements in a function should return an expression, or none of them should.",,Pylint,PYLINT-R1710,Inconsistent return statements,False,0.15697604,0
359,false-positive,low,,"Either all return statements in a function should return an expression, or none of them should.",,Pylint,PYLINT-R1710,Inconsistent return statements,False,0.15697604,0
360,false-positive,low,,"Either all return statements in a function should return an expression, or none of them should.",,Pylint,PYLINT-R1710,Inconsistent return statements,False,0.15697604,0
361,false-positive,low,227.0,No value for argument 'littleEndian' in method call,,Pylint,rule-dc56fd6c6aaaf7aef3e91a691e1f8bd8f7311763a2d3286fce16c6c5cf52b5e2,API Abuse,False,0.217789,0
362,escalated,low,665.0,Undefined variable 'e',,Pylint,rule-05fd548cb946f6aefd3831fe4f1fd046e1827757e07f877f3a087b0ed98a03bf,Initialization,escalated,0.74517363,1
363,false-positive,low,,Too many boolean expressions in if statement (6/5),,Pylint,PYLINT-R0916,Too many boolean expressions,escalated,0.5099367,1
364,escalated,low,,Value 'str' is unsubscriptable,,Pylint,PYLINT-E1136,Unscriptable Object,escalated,0.8757451,1
365,false-positive,low,227.0,No value for argument 'littleEndian' in method call,,Pylint,rule-dc56fd6c6aaaf7aef3e91a691e1f8bd8f7311763a2d3286fce16c6c5cf52b5e2,API Abuse,False,0.217789,0
366,false-positive,low,227.0,No value for argument 'littleEndian' in method call,,Pylint,rule-dc56fd6c6aaaf7aef3e91a691e1f8bd8f7311763a2d3286fce16c6c5cf52b5e2,API Abuse,False,0.217789,0
367,escalated,medium,398.0,"""lodash"" is not found.",node,ESLint,ESLINT-NODE-no-missing-require,Disallow 'require()' expressions which import non-existence modules,escalated,0.9613776,1
368,escalated,medium,398.0,"""ws"" is not found.",node,ESLint,ESLINT-NODE-no-missing-require,Disallow 'require()' expressions which import non-existence modules,escalated,0.9592395,1
369,escalated,medium,398.0,"""acorn-walk"" is not found.",node,ESLint,ESLINT-NODE-no-missing-require,Disallow 'require()' expressions which import non-existence modules,escalated,0.9609641,1
370,escalated,medium,398.0,"""acorn"" is not found.",node,ESLint,ESLINT-NODE-no-missing-require,Disallow 'require()' expressions which import non-existence modules,escalated,0.959304,1
371,escalated,medium,398.0,"""request-promise-native"" is not found.",node,ESLint,ESLINT-NODE-no-missing-require,Disallow 'require()' expressions which import non-existence modules,escalated,0.9618415,1
372,escalated,medium,398.0,"""lodash"" is not found.",node,ESLint,ESLINT-NODE-no-missing-require,Disallow 'require()' expressions which import non-existence modules,escalated,0.9613776,1
373,escalated,medium,398.0,"""express"" is not found.",node,ESLint,ESLINT-NODE-no-missing-require,Disallow 'require()' expressions which import non-existence modules,escalated,0.95398766,1
374,escalated,medium,398.0,"""ws"" is not found.",node,ESLint,ESLINT-NODE-no-missing-require,Disallow 'require()' expressions which import non-existence modules,escalated,0.9592395,1
375,escalated,medium,665.0,,,,rule-05fd548cb946f6aefd3831fe4f1fd046e1827757e07f877f3a087b0ed98a03bf,Initialization,escalated,0.6370131,1
376,escalated,medium,665.0,,,,rule-05fd548cb946f6aefd3831fe4f1fd046e1827757e07f877f3a087b0ed98a03bf,Initialization,escalated,0.6370131,1
377,escalated,medium,665.0,'sjcl' is not defined.,,ESLint,rule-05fd548cb946f6aefd3831fe4f1fd046e1827757e07f877f3a087b0ed98a03bf,Initialization,escalated,0.95250314,1
378,escalated,medium,665.0,,,,rule-05fd548cb946f6aefd3831fe4f1fd046e1827757e07f877f3a087b0ed98a03bf,Initialization,escalated,0.6370131,1
379,escalated,medium,665.0,'axlsign' is not defined.,,ESLint,rule-05fd548cb946f6aefd3831fe4f1fd046e1827757e07f877f3a087b0ed98a03bf,Initialization,escalated,0.81087655,1
380,escalated,medium,665.0,'sjcl' is not defined.,,ESLint,rule-05fd548cb946f6aefd3831fe4f1fd046e1827757e07f877f3a087b0ed98a03bf,Initialization,escalated,0.95250314,1
381,escalated,medium,665.0,'sjcl' is not defined.,,ESLint,rule-05fd548cb946f6aefd3831fe4f1fd046e1827757e07f877f3a087b0ed98a03bf,Initialization,escalated,0.95250314,1
382,escalated,medium,665.0,'sjcl' is not defined.,,ESLint,rule-05fd548cb946f6aefd3831fe4f1fd046e1827757e07f877f3a087b0ed98a03bf,Initialization,escalated,0.95250314,1
383,escalated,medium,665.0,'$' is not defined.,,ESLint,rule-05fd548cb946f6aefd3831fe4f1fd046e1827757e07f877f3a087b0ed98a03bf,Initialization,False,0.07220864,0
384,escalated,medium,665.0,'sjcl' is not defined.,,ESLint,rule-05fd548cb946f6aefd3831fe4f1fd046e1827757e07f877f3a087b0ed98a03bf,Initialization,escalated,0.95250314,1
385,escalated,medium,665.0,'sjcl' is not defined.,,ESLint,rule-05fd548cb946f6aefd3831fe4f1fd046e1827757e07f877f3a087b0ed98a03bf,Initialization,escalated,0.95250314,1
386,escalated,medium,665.0,,,,rule-05fd548cb946f6aefd3831fe4f1fd046e1827757e07f877f3a087b0ed98a03bf,Initialization,escalated,0.6370131,1
387,escalated,medium,665.0,'sjcl' is not defined.,,ESLint,rule-05fd548cb946f6aefd3831fe4f1fd046e1827757e07f877f3a087b0ed98a03bf,Initialization,escalated,0.95250314,1
388,escalated,medium,665.0,'sjcl' is not defined.,,ESLint,rule-05fd548cb946f6aefd3831fe4f1fd046e1827757e07f877f3a087b0ed98a03bf,Initialization,escalated,0.95250314,1
389,escalated,medium,665.0,'sjcl' is not defined.,,ESLint,rule-05fd548cb946f6aefd3831fe4f1fd046e1827757e07f877f3a087b0ed98a03bf,Initialization,escalated,0.95250314,1
390,escalated,medium,665.0,'sjcl' is not defined.,,ESLint,rule-05fd548cb946f6aefd3831fe4f1fd046e1827757e07f877f3a087b0ed98a03bf,Initialization,escalated,0.95250314,1
391,escalated,medium,665.0,'sjcl' is not defined.,,ESLint,rule-05fd548cb946f6aefd3831fe4f1fd046e1827757e07f877f3a087b0ed98a03bf,Initialization,escalated,0.95250314,1
392,escalated,medium,665.0,,,,rule-05fd548cb946f6aefd3831fe4f1fd046e1827757e07f877f3a087b0ed98a03bf,Initialization,escalated,0.6370131,1
393,escalated,medium,665.0,'sjcl' is not defined.,,ESLint,rule-05fd548cb946f6aefd3831fe4f1fd046e1827757e07f877f3a087b0ed98a03bf,Initialization,escalated,0.95250314,1
394,escalated,medium,665.0,'QRCode' is not defined.,,ESLint,rule-05fd548cb946f6aefd3831fe4f1fd046e1827757e07f877f3a087b0ed98a03bf,Initialization,escalated,0.81622136,1
395,escalated,medium,665.0,'sjcl' is not defined.,,ESLint,rule-05fd548cb946f6aefd3831fe4f1fd046e1827757e07f877f3a087b0ed98a03bf,Initialization,escalated,0.95250314,1
396,escalated,medium,665.0,'axlsign' is not defined.,,ESLint,rule-05fd548cb946f6aefd3831fe4f1fd046e1827757e07f877f3a087b0ed98a03bf,Initialization,escalated,0.81087655,1
397,escalated,medium,665.0,'sjcl' is not defined.,,ESLint,rule-05fd548cb946f6aefd3831fe4f1fd046e1827757e07f877f3a087b0ed98a03bf,Initialization,escalated,0.95250314,1
398,escalated,medium,665.0,'sjcl' is not defined.,,ESLint,rule-05fd548cb946f6aefd3831fe4f1fd046e1827757e07f877f3a087b0ed98a03bf,Initialization,escalated,0.95250314,1
399,escalated,medium,665.0,'sjcl' is not defined.,,ESLint,rule-05fd548cb946f6aefd3831fe4f1fd046e1827757e07f877f3a087b0ed98a03bf,Initialization,escalated,0.95250314,1
400,escalated,medium,665.0,'sjcl' is not defined.,,ESLint,rule-05fd548cb946f6aefd3831fe4f1fd046e1827757e07f877f3a087b0ed98a03bf,Initialization,escalated,0.95250314,1
401,escalated,medium,665.0,'sjcl' is not defined.,,ESLint,rule-05fd548cb946f6aefd3831fe4f1fd046e1827757e07f877f3a087b0ed98a03bf,Initialization,escalated,0.95250314,1
402,escalated,medium,665.0,'QRCode' is not defined.,,ESLint,rule-05fd548cb946f6aefd3831fe4f1fd046e1827757e07f877f3a087b0ed98a03bf,Initialization,escalated,0.81622136,1
403,escalated,medium,665.0,'sjcl' is not defined.,,ESLint,rule-05fd548cb946f6aefd3831fe4f1fd046e1827757e07f877f3a087b0ed98a03bf,Initialization,escalated,0.95250314,1
404,escalated,medium,665.0,'sjcl' is not defined.,,ESLint,rule-05fd548cb946f6aefd3831fe4f1fd046e1827757e07f877f3a087b0ed98a03bf,Initialization,escalated,0.95250314,1
405,false-positive,medium,665.0,'bootbox' is not defined.,,ESLint,rule-05fd548cb946f6aefd3831fe4f1fd046e1827757e07f877f3a087b0ed98a03bf,Initialization,escalated,0.6167294,1
406,false-positive,medium,665.0,'BootstrapStep' is not defined.,,ESLint,rule-05fd548cb946f6aefd3831fe4f1fd046e1827757e07f877f3a087b0ed98a03bf,Initialization,False,0.3047943,0
407,false-positive,medium,665.0,'jsonTree' is not defined.,,ESLint,rule-05fd548cb946f6aefd3831fe4f1fd046e1827757e07f877f3a087b0ed98a03bf,Initialization,escalated,0.60829306,1
408,false-positive,medium,665.0,'$' is not defined.,,ESLint,rule-05fd548cb946f6aefd3831fe4f1fd046e1827757e07f877f3a087b0ed98a03bf,Initialization,False,0.07220864,0
409,false-positive,medium,665.0,'$' is not defined.,,ESLint,rule-05fd548cb946f6aefd3831fe4f1fd046e1827757e07f877f3a087b0ed98a03bf,Initialization,False,0.07220864,0
410,false-positive,medium,665.0,'BootstrapStep' is not defined.,,ESLint,rule-05fd548cb946f6aefd3831fe4f1fd046e1827757e07f877f3a087b0ed98a03bf,Initialization,False,0.3047943,0
411,false-positive,medium,665.0,,,,rule-05fd548cb946f6aefd3831fe4f1fd046e1827757e07f877f3a087b0ed98a03bf,Initialization,escalated,0.6370131,1
412,false-positive,medium,665.0,'$' is not defined.,,ESLint,rule-05fd548cb946f6aefd3831fe4f1fd046e1827757e07f877f3a087b0ed98a03bf,Initialization,False,0.07220864,0
413,false-positive,medium,665.0,'BootstrapStep' is not defined.,,ESLint,rule-05fd548cb946f6aefd3831fe4f1fd046e1827757e07f877f3a087b0ed98a03bf,Initialization,False,0.3047943,0
414,false-positive,medium,665.0,'$' is not defined.,,ESLint,rule-05fd548cb946f6aefd3831fe4f1fd046e1827757e07f877f3a087b0ed98a03bf,Initialization,False,0.07220864,0
415,false-positive,medium,665.0,'$' is not defined.,,ESLint,rule-05fd548cb946f6aefd3831fe4f1fd046e1827757e07f877f3a087b0ed98a03bf,Initialization,False,0.07220864,0
416,false-positive,medium,665.0,'$' is not defined.,,ESLint,rule-05fd548cb946f6aefd3831fe4f1fd046e1827757e07f877f3a087b0ed98a03bf,Initialization,False,0.07220864,0
417,false-positive,medium,665.0,'$' is not defined.,,ESLint,rule-05fd548cb946f6aefd3831fe4f1fd046e1827757e07f877f3a087b0ed98a03bf,Initialization,False,0.07220864,0
418,false-positive,medium,665.0,'$' is not defined.,,ESLint,rule-05fd548cb946f6aefd3831fe4f1fd046e1827757e07f877f3a087b0ed98a03bf,Initialization,False,0.07220864,0
419,false-positive,medium,665.0,'$' is not defined.,,ESLint,rule-05fd548cb946f6aefd3831fe4f1fd046e1827757e07f877f3a087b0ed98a03bf,Initialization,False,0.07220864,0
420,false-positive,medium,665.0,'$' is not defined.,,ESLint,rule-05fd548cb946f6aefd3831fe4f1fd046e1827757e07f877f3a087b0ed98a03bf,Initialization,False,0.07220864,0
421,false-positive,medium,665.0,'$' is not defined.,,ESLint,rule-05fd548cb946f6aefd3831fe4f1fd046e1827757e07f877f3a087b0ed98a03bf,Initialization,False,0.07220864,0
422,false-positive,medium,665.0,'$' is not defined.,,ESLint,rule-05fd548cb946f6aefd3831fe4f1fd046e1827757e07f877f3a087b0ed98a03bf,Initialization,False,0.07220864,0
423,false-positive,medium,665.0,'$' is not defined.,,ESLint,rule-05fd548cb946f6aefd3831fe4f1fd046e1827757e07f877f3a087b0ed98a03bf,Initialization,False,0.07220864,0
424,false-positive,medium,665.0,'$' is not defined.,,ESLint,rule-05fd548cb946f6aefd3831fe4f1fd046e1827757e07f877f3a087b0ed98a03bf,Initialization,False,0.07220864,0
425,false-positive,medium,665.0,'WebSocketClient' is not defined.,,ESLint,rule-05fd548cb946f6aefd3831fe4f1fd046e1827757e07f877f3a087b0ed98a03bf,Initialization,escalated,0.5845655,1
426,false-positive,medium,665.0,'$' is not defined.,,ESLint,rule-05fd548cb946f6aefd3831fe4f1fd046e1827757e07f877f3a087b0ed98a03bf,Initialization,False,0.07220864,0
427,false-positive,medium,665.0,'$' is not defined.,,ESLint,rule-05fd548cb946f6aefd3831fe4f1fd046e1827757e07f877f3a087b0ed98a03bf,Initialization,False,0.07220864,0
428,false-positive,medium,665.0,'$' is not defined.,,ESLint,rule-05fd548cb946f6aefd3831fe4f1fd046e1827757e07f877f3a087b0ed98a03bf,Initialization,False,0.07220864,0
429,false-positive,medium,665.0,'$' is not defined.,,ESLint,rule-05fd548cb946f6aefd3831fe4f1fd046e1827757e07f877f3a087b0ed98a03bf,Initialization,False,0.07220864,0
430,false-positive,medium,665.0,'BootstrapStep' is not defined.,,ESLint,rule-05fd548cb946f6aefd3831fe4f1fd046e1827757e07f877f3a087b0ed98a03bf,Initialization,False,0.3047943,0
431,false-positive,medium,665.0,'$' is not defined.,,ESLint,rule-05fd548cb946f6aefd3831fe4f1fd046e1827757e07f877f3a087b0ed98a03bf,Initialization,False,0.07220864,0
432,false-positive,medium,665.0,'$' is not defined.,,ESLint,rule-05fd548cb946f6aefd3831fe4f1fd046e1827757e07f877f3a087b0ed98a03bf,Initialization,False,0.07220864,0
433,false-positive,medium,665.0,'$' is not defined.,,ESLint,rule-05fd548cb946f6aefd3831fe4f1fd046e1827757e07f877f3a087b0ed98a03bf,Initialization,False,0.07220864,0
434,false-positive,medium,665.0,'$' is not defined.,,ESLint,rule-05fd548cb946f6aefd3831fe4f1fd046e1827757e07f877f3a087b0ed98a03bf,Initialization,False,0.07220864,0
435,false-positive,medium,665.0,'$' is not defined.,,ESLint,rule-05fd548cb946f6aefd3831fe4f1fd046e1827757e07f877f3a087b0ed98a03bf,Initialization,False,0.07220864,0
436,false-positive,medium,665.0,'$' is not defined.,,ESLint,rule-05fd548cb946f6aefd3831fe4f1fd046e1827757e07f877f3a087b0ed98a03bf,Initialization,False,0.07220864,0
437,false-positive,medium,665.0,'$' is not defined.,,ESLint,rule-05fd548cb946f6aefd3831fe4f1fd046e1827757e07f877f3a087b0ed98a03bf,Initialization,False,0.07220864,0
438,false-positive,medium,665.0,'BootstrapStep' is not defined.,,ESLint,rule-05fd548cb946f6aefd3831fe4f1fd046e1827757e07f877f3a087b0ed98a03bf,Initialization,False,0.3047943,0
439,false-positive,medium,665.0,'$' is not defined.,,ESLint,rule-05fd548cb946f6aefd3831fe4f1fd046e1827757e07f877f3a087b0ed98a03bf,Initialization,False,0.07220864,0
440,false-positive,medium,665.0,'$' is not defined.,,ESLint,rule-05fd548cb946f6aefd3831fe4f1fd046e1827757e07f877f3a087b0ed98a03bf,Initialization,False,0.07220864,0
441,false-positive,medium,665.0,'$' is not defined.,,ESLint,rule-05fd548cb946f6aefd3831fe4f1fd046e1827757e07f877f3a087b0ed98a03bf,Initialization,False,0.07220864,0
442,false-positive,medium,665.0,'$' is not defined.,,ESLint,rule-05fd548cb946f6aefd3831fe4f1fd046e1827757e07f877f3a087b0ed98a03bf,Initialization,False,0.07220864,0
443,false-positive,medium,665.0,'$' is not defined.,,ESLint,rule-05fd548cb946f6aefd3831fe4f1fd046e1827757e07f877f3a087b0ed98a03bf,Initialization,False,0.07220864,0
444,escalated,medium,665.0,'initialize' is not defined.,,ESLint,rule-05fd548cb946f6aefd3831fe4f1fd046e1827757e07f877f3a087b0ed98a03bf,Initialization,escalated,0.7688738,1
445,escalated,medium,665.0,'UpdaterPromise' is not defined.,,ESLint,rule-05fd548cb946f6aefd3831fe4f1fd046e1827757e07f877f3a087b0ed98a03bf,Initialization,escalated,0.8031882,1
446,escalated,medium,665.0,'UpdaterPromise' is not defined.,,ESLint,rule-05fd548cb946f6aefd3831fe4f1fd046e1827757e07f877f3a087b0ed98a03bf,Initialization,escalated,0.8031882,1
447,escalated,medium,398.0,Read-only global 'console' should not be modified.,,ESLint,ESLINT-no-global-assign,Disallow assignment to native objects or read-only global variables,escalated,0.8853828,1
448,escalated,medium,665.0,'define' is not defined.,,ESLint,rule-05fd548cb946f6aefd3831fe4f1fd046e1827757e07f877f3a087b0ed98a03bf,Initialization,escalated,0.74579585,1
449,escalated,high,77.0,Generic Object Injection Sink,security,ESLint,rule-5e8e5af630e323f31857c1cc395ce98e2bf222272a7adf06b13a4ba4154b1893,Command Injection,escalated,0.9992472,1
450,escalated,high,77.0,,,,rule-5e8e5af630e323f31857c1cc395ce98e2bf222272a7adf06b13a4ba4154b1893,Command Injection,escalated,0.9978881,1
451,escalated,high,77.0,,,,rule-5e8e5af630e323f31857c1cc395ce98e2bf222272a7adf06b13a4ba4154b1893,Command Injection,escalated,0.9978881,1
452,escalated,high,77.0,,,,rule-5e8e5af630e323f31857c1cc395ce98e2bf222272a7adf06b13a4ba4154b1893,Command Injection,escalated,0.9978881,1
453,escalated,high,77.0,,,,rule-5e8e5af630e323f31857c1cc395ce98e2bf222272a7adf06b13a4ba4154b1893,Command Injection,escalated,0.9978881,1
454,escalated,high,77.0,,,,rule-5e8e5af630e323f31857c1cc395ce98e2bf222272a7adf06b13a4ba4154b1893,Command Injection,escalated,0.9978881,1
455,escalated,high,77.0,,,,rule-5e8e5af630e323f31857c1cc395ce98e2bf222272a7adf06b13a4ba4154b1893,Command Injection,escalated,0.9978881,1
456,escalated,high,77.0,Generic Object Injection Sink,security,ESLint,rule-5e8e5af630e323f31857c1cc395ce98e2bf222272a7adf06b13a4ba4154b1893,Command Injection,escalated,0.9992472,1
457,escalated,high,77.0,Generic Object Injection Sink,security,ESLint,rule-5e8e5af630e323f31857c1cc395ce98e2bf222272a7adf06b13a4ba4154b1893,Command Injection,escalated,0.9992472,1
458,escalated,high,77.0,Generic Object Injection Sink,security,ESLint,rule-5e8e5af630e323f31857c1cc395ce98e2bf222272a7adf06b13a4ba4154b1893,Command Injection,escalated,0.9992472,1
459,escalated,high,77.0,,,,rule-5e8e5af630e323f31857c1cc395ce98e2bf222272a7adf06b13a4ba4154b1893,Command Injection,escalated,0.9978881,1
460,escalated,high,77.0,,,,rule-5e8e5af630e323f31857c1cc395ce98e2bf222272a7adf06b13a4ba4154b1893,Command Injection,escalated,0.9978881,1
461,escalated,high,77.0,,,,rule-5e8e5af630e323f31857c1cc395ce98e2bf222272a7adf06b13a4ba4154b1893,Command Injection,escalated,0.9978881,1
462,escalated,high,77.0,Generic Object Injection Sink,security,ESLint,rule-5e8e5af630e323f31857c1cc395ce98e2bf222272a7adf06b13a4ba4154b1893,Command Injection,escalated,0.9992472,1
463,escalated,high,77.0,Generic Object Injection Sink,security,ESLint,rule-5e8e5af630e323f31857c1cc395ce98e2bf222272a7adf06b13a4ba4154b1893,Command Injection,escalated,0.9992472,1
464,escalated,high,77.0,Generic Object Injection Sink,security,ESLint,rule-5e8e5af630e323f31857c1cc395ce98e2bf222272a7adf06b13a4ba4154b1893,Command Injection,escalated,0.9992472,1
465,escalated,high,77.0,,,,rule-5e8e5af630e323f31857c1cc395ce98e2bf222272a7adf06b13a4ba4154b1893,Command Injection,escalated,0.9978881,1
466,escalated,high,77.0,Generic Object Injection Sink,security,ESLint,rule-5e8e5af630e323f31857c1cc395ce98e2bf222272a7adf06b13a4ba4154b1893,Command Injection,escalated,0.9992472,1
467,escalated,high,77.0,Generic Object Injection Sink,security,ESLint,rule-5e8e5af630e323f31857c1cc395ce98e2bf222272a7adf06b13a4ba4154b1893,Command Injection,escalated,0.9992472,1
468,escalated,high,77.0,,,,rule-5e8e5af630e323f31857c1cc395ce98e2bf222272a7adf06b13a4ba4154b1893,Command Injection,escalated,0.9978881,1
469,escalated,high,77.0,,,,rule-5e8e5af630e323f31857c1cc395ce98e2bf222272a7adf06b13a4ba4154b1893,Command Injection,escalated,0.9978881,1
470,escalated,high,77.0,Function Call Object Injection Sink,security,ESLint,rule-5e8e5af630e323f31857c1cc395ce98e2bf222272a7adf06b13a4ba4154b1893,Command Injection,escalated,0.9988678,1
471,escalated,high,77.0,Generic Object Injection Sink,security,ESLint,rule-5e8e5af630e323f31857c1cc395ce98e2bf222272a7adf06b13a4ba4154b1893,Command Injection,escalated,0.9992472,1
472,escalated,high,77.0,Generic Object Injection Sink,security,ESLint,rule-5e8e5af630e323f31857c1cc395ce98e2bf222272a7adf06b13a4ba4154b1893,Command Injection,escalated,0.9992472,1
473,escalated,high,77.0,,,,rule-5e8e5af630e323f31857c1cc395ce98e2bf222272a7adf06b13a4ba4154b1893,Command Injection,escalated,0.9978881,1
474,escalated,high,77.0,,,,rule-5e8e5af630e323f31857c1cc395ce98e2bf222272a7adf06b13a4ba4154b1893,Command Injection,escalated,0.9978881,1
475,escalated,high,77.0,Generic Object Injection Sink,security,ESLint,rule-5e8e5af630e323f31857c1cc395ce98e2bf222272a7adf06b13a4ba4154b1893,Command Injection,escalated,0.9992472,1
476,escalated,high,77.0,,,,rule-5e8e5af630e323f31857c1cc395ce98e2bf222272a7adf06b13a4ba4154b1893,Command Injection,escalated,0.9978881,1
477,escalated,high,77.0,Generic Object Injection Sink,security,ESLint,rule-5e8e5af630e323f31857c1cc395ce98e2bf222272a7adf06b13a4ba4154b1893,Command Injection,escalated,0.9992472,1
478,escalated,high,77.0,,,,rule-5e8e5af630e323f31857c1cc395ce98e2bf222272a7adf06b13a4ba4154b1893,Command Injection,escalated,0.9978881,1
479,escalated,high,77.0,Generic Object Injection Sink,security,ESLint,rule-5e8e5af630e323f31857c1cc395ce98e2bf222272a7adf06b13a4ba4154b1893,Command Injection,escalated,0.9992472,1
480,escalated,high,77.0,,,,rule-5e8e5af630e323f31857c1cc395ce98e2bf222272a7adf06b13a4ba4154b1893,Command Injection,escalated,0.9978881,1
481,escalated,high,77.0,,,,rule-5e8e5af630e323f31857c1cc395ce98e2bf222272a7adf06b13a4ba4154b1893,Command Injection,escalated,0.9978881,1
482,escalated,high,77.0,Generic Object Injection Sink,security,ESLint,rule-5e8e5af630e323f31857c1cc395ce98e2bf222272a7adf06b13a4ba4154b1893,Command Injection,escalated,0.9992472,1
483,escalated,high,77.0,,,,rule-5e8e5af630e323f31857c1cc395ce98e2bf222272a7adf06b13a4ba4154b1893,Command Injection,escalated,0.9978881,1
484,escalated,high,77.0,,,,rule-5e8e5af630e323f31857c1cc395ce98e2bf222272a7adf06b13a4ba4154b1893,Command Injection,escalated,0.9978881,1
485,escalated,high,77.0,Generic Object Injection Sink,security,ESLint,rule-5e8e5af630e323f31857c1cc395ce98e2bf222272a7adf06b13a4ba4154b1893,Command Injection,escalated,0.9992472,1
486,escalated,high,77.0,Generic Object Injection Sink,security,ESLint,rule-5e8e5af630e323f31857c1cc395ce98e2bf222272a7adf06b13a4ba4154b1893,Command Injection,escalated,0.9992472,1
487,escalated,high,77.0,Generic Object Injection Sink,security,ESLint,rule-5e8e5af630e323f31857c1cc395ce98e2bf222272a7adf06b13a4ba4154b1893,Command Injection,escalated,0.9992472,1
488,escalated,high,77.0,,,,rule-5e8e5af630e323f31857c1cc395ce98e2bf222272a7adf06b13a4ba4154b1893,Command Injection,escalated,0.9978881,1
489,escalated,high,77.0,,,,rule-5e8e5af630e323f31857c1cc395ce98e2bf222272a7adf06b13a4ba4154b1893,Command Injection,escalated,0.9978881,1
490,escalated,high,77.0,,,,rule-5e8e5af630e323f31857c1cc395ce98e2bf222272a7adf06b13a4ba4154b1893,Command Injection,escalated,0.9978881,1
491,escalated,high,77.0,,,,rule-5e8e5af630e323f31857c1cc395ce98e2bf222272a7adf06b13a4ba4154b1893,Command Injection,escalated,0.9978881,1
492,escalated,high,77.0,Generic Object Injection Sink,security,ESLint,rule-5e8e5af630e323f31857c1cc395ce98e2bf222272a7adf06b13a4ba4154b1893,Command Injection,escalated,0.9992472,1
493,escalated,high,77.0,Generic Object Injection Sink,security,ESLint,rule-5e8e5af630e323f31857c1cc395ce98e2bf222272a7adf06b13a4ba4154b1893,Command Injection,escalated,0.9992472,1
494,escalated,high,77.0,Generic Object Injection Sink,security,ESLint,rule-5e8e5af630e323f31857c1cc395ce98e2bf222272a7adf06b13a4ba4154b1893,Command Injection,escalated,0.9992472,1
495,escalated,high,77.0,Generic Object Injection Sink,security,ESLint,rule-5e8e5af630e323f31857c1cc395ce98e2bf222272a7adf06b13a4ba4154b1893,Command Injection,escalated,0.9992472,1
496,escalated,high,77.0,Generic Object Injection Sink,security,ESLint,rule-5e8e5af630e323f31857c1cc395ce98e2bf222272a7adf06b13a4ba4154b1893,Command Injection,escalated,0.9992472,1
497,escalated,high,77.0,Generic Object Injection Sink,security,ESLint,rule-5e8e5af630e323f31857c1cc395ce98e2bf222272a7adf06b13a4ba4154b1893,Command Injection,escalated,0.9992472,1
498,escalated,high,77.0,,,,rule-5e8e5af630e323f31857c1cc395ce98e2bf222272a7adf06b13a4ba4154b1893,Command Injection,escalated,0.9978881,1
499,escalated,high,77.0,Generic Object Injection Sink,security,ESLint,rule-5e8e5af630e323f31857c1cc395ce98e2bf222272a7adf06b13a4ba4154b1893,Command Injection,escalated,0.9992472,1
500,escalated,high,77.0,Generic Object Injection Sink,security,ESLint,rule-5e8e5af630e323f31857c1cc395ce98e2bf222272a7adf06b13a4ba4154b1893,Command Injection,escalated,0.9992472,1
501,escalated,high,77.0,Generic Object Injection Sink,security,ESLint,rule-5e8e5af630e323f31857c1cc395ce98e2bf222272a7adf06b13a4ba4154b1893,Command Injection,escalated,0.9992472,1
502,escalated,high,77.0,,,,rule-5e8e5af630e323f31857c1cc395ce98e2bf222272a7adf06b13a4ba4154b1893,Command Injection,escalated,0.9978881,1
503,escalated,high,77.0,Generic Object Injection Sink,security,ESLint,rule-5e8e5af630e323f31857c1cc395ce98e2bf222272a7adf06b13a4ba4154b1893,Command Injection,escalated,0.9992472,1
504,escalated,high,77.0,,,,rule-5e8e5af630e323f31857c1cc395ce98e2bf222272a7adf06b13a4ba4154b1893,Command Injection,escalated,0.9978881,1
505,escalated,high,77.0,Generic Object Injection Sink,security,ESLint,rule-5e8e5af630e323f31857c1cc395ce98e2bf222272a7adf06b13a4ba4154b1893,Command Injection,escalated,0.9992472,1
506,escalated,high,77.0,,,,rule-5e8e5af630e323f31857c1cc395ce98e2bf222272a7adf06b13a4ba4154b1893,Command Injection,escalated,0.9978881,1
507,escalated,high,77.0,,,,rule-5e8e5af630e323f31857c1cc395ce98e2bf222272a7adf06b13a4ba4154b1893,Command Injection,escalated,0.9978881,1
508,escalated,high,77.0,Generic Object Injection Sink,security,ESLint,rule-5e8e5af630e323f31857c1cc395ce98e2bf222272a7adf06b13a4ba4154b1893,Command Injection,escalated,0.9992472,1
509,escalated,high,77.0,,,,rule-5e8e5af630e323f31857c1cc395ce98e2bf222272a7adf06b13a4ba4154b1893,Command Injection,escalated,0.9978881,1
510,escalated,high,77.0,,,,rule-5e8e5af630e323f31857c1cc395ce98e2bf222272a7adf06b13a4ba4154b1893,Command Injection,escalated,0.9978881,1
511,escalated,high,77.0,Generic Object Injection Sink,security,ESLint,rule-5e8e5af630e323f31857c1cc395ce98e2bf222272a7adf06b13a4ba4154b1893,Command Injection,escalated,0.9992472,1
512,escalated,high,77.0,Generic Object Injection Sink,security,ESLint,rule-5e8e5af630e323f31857c1cc395ce98e2bf222272a7adf06b13a4ba4154b1893,Command Injection,escalated,0.9992472,1
513,escalated,high,77.0,Generic Object Injection Sink,security,ESLint,rule-5e8e5af630e323f31857c1cc395ce98e2bf222272a7adf06b13a4ba4154b1893,Command Injection,escalated,0.9992472,1
514,escalated,high,77.0,Generic Object Injection Sink,security,ESLint,rule-5e8e5af630e323f31857c1cc395ce98e2bf222272a7adf06b13a4ba4154b1893,Command Injection,escalated,0.9992472,1
515,escalated,high,77.0,Generic Object Injection Sink,security,ESLint,rule-5e8e5af630e323f31857c1cc395ce98e2bf222272a7adf06b13a4ba4154b1893,Command Injection,escalated,0.9992472,1
516,escalated,high,77.0,Generic Object Injection Sink,security,ESLint,rule-5e8e5af630e323f31857c1cc395ce98e2bf222272a7adf06b13a4ba4154b1893,Command Injection,escalated,0.9992472,1
517,escalated,high,77.0,Generic Object Injection Sink,security,ESLint,rule-5e8e5af630e323f31857c1cc395ce98e2bf222272a7adf06b13a4ba4154b1893,Command Injection,escalated,0.9992472,1
518,escalated,high,77.0,Generic Object Injection Sink,security,ESLint,rule-5e8e5af630e323f31857c1cc395ce98e2bf222272a7adf06b13a4ba4154b1893,Command Injection,escalated,0.9992472,1
519,escalated,high,77.0,Generic Object Injection Sink,security,ESLint,rule-5e8e5af630e323f31857c1cc395ce98e2bf222272a7adf06b13a4ba4154b1893,Command Injection,escalated,0.9992472,1
520,escalated,high,77.0,Generic Object Injection Sink,security,ESLint,rule-5e8e5af630e323f31857c1cc395ce98e2bf222272a7adf06b13a4ba4154b1893,Command Injection,escalated,0.9992472,1
521,escalated,high,77.0,Variable Assigned to Object Injection Sink,security,ESLint,rule-5e8e5af630e323f31857c1cc395ce98e2bf222272a7adf06b13a4ba4154b1893,Command Injection,escalated,0.9989835,1
522,escalated,high,77.0,Generic Object Injection Sink,security,ESLint,rule-5e8e5af630e323f31857c1cc395ce98e2bf222272a7adf06b13a4ba4154b1893,Command Injection,escalated,0.9992472,1
523,escalated,high,77.0,Generic Object Injection Sink,security,ESLint,rule-5e8e5af630e323f31857c1cc395ce98e2bf222272a7adf06b13a4ba4154b1893,Command Injection,escalated,0.9992472,1
524,escalated,high,77.0,Variable Assigned to Object Injection Sink,security,ESLint,rule-5e8e5af630e323f31857c1cc395ce98e2bf222272a7adf06b13a4ba4154b1893,Command Injection,escalated,0.9989835,1
525,escalated,high,77.0,Generic Object Injection Sink,security,ESLint,rule-5e8e5af630e323f31857c1cc395ce98e2bf222272a7adf06b13a4ba4154b1893,Command Injection,escalated,0.9992472,1
526,escalated,high,77.0,Generic Object Injection Sink,security,ESLint,rule-5e8e5af630e323f31857c1cc395ce98e2bf222272a7adf06b13a4ba4154b1893,Command Injection,escalated,0.9992472,1
527,escalated,high,79.0,HTML passed in to function '$',xss,ESLint,rule-396ebe8bb0c3dc5d4eb2b5368a97688fdb0f2587416453645c3d06db2b216479,Cross-site Scripting (XSS),escalated,0.9951843,1
528,escalated,high,79.0,HTML passed in to function '$',xss,ESLint,rule-396ebe8bb0c3dc5d4eb2b5368a97688fdb0f2587416453645c3d06db2b216479,Cross-site Scripting (XSS),escalated,0.9951843,1
529,escalated,high,,The function setTimeout can be unsafe,scanjs-rules,ESLint,ESLINT-SCANJS-RULES-call_setTimeout,Call setTimeout,escalated,0.98784566,1
530,escalated,high,79.0,HTML passed in to function '$',xss,ESLint,rule-396ebe8bb0c3dc5d4eb2b5368a97688fdb0f2587416453645c3d06db2b216479,Cross-site Scripting (XSS),escalated,0.9951843,1
531,escalated,high,79.0,HTML passed in to function '$',xss,ESLint,rule-396ebe8bb0c3dc5d4eb2b5368a97688fdb0f2587416453645c3d06db2b216479,Cross-site Scripting (XSS),escalated,0.9951843,1
532,escalated,high,77.0,Variable Assigned to Object Injection Sink,security,ESLint,rule-5e8e5af630e323f31857c1cc395ce98e2bf222272a7adf06b13a4ba4154b1893,Command Injection,escalated,0.9989835,1
533,escalated,high,79.0,HTML passed in to function '$',xss,ESLint,rule-396ebe8bb0c3dc5d4eb2b5368a97688fdb0f2587416453645c3d06db2b216479,Cross-site Scripting (XSS),escalated,0.9951843,1
534,escalated,high,77.0,Variable Assigned to Object Injection Sink,security,ESLint,rule-5e8e5af630e323f31857c1cc395ce98e2bf222272a7adf06b13a4ba4154b1893,Command Injection,escalated,0.9989835,1
535,escalated,high,79.0,HTML passed in to function '$',xss,ESLint,rule-396ebe8bb0c3dc5d4eb2b5368a97688fdb0f2587416453645c3d06db2b216479,Cross-site Scripting (XSS),escalated,0.9951843,1
536,escalated,high,79.0,Non-HTML variable 'message' is used to store raw HTML,xss,ESLint,rule-396ebe8bb0c3dc5d4eb2b5368a97688fdb0f2587416453645c3d06db2b216479,Cross-site Scripting (XSS),escalated,0.99455714,1
537,escalated,high,79.0,HTML passed in to function '$',xss,ESLint,rule-396ebe8bb0c3dc5d4eb2b5368a97688fdb0f2587416453645c3d06db2b216479,Cross-site Scripting (XSS),escalated,0.9951843,1
538,escalated,high,77.0,,,,rule-5e8e5af630e323f31857c1cc395ce98e2bf222272a7adf06b13a4ba4154b1893,Command Injection,escalated,0.9978881,1
539,escalated,high,,The function setTimeout can be unsafe,scanjs-rules,ESLint,ESLINT-SCANJS-RULES-call_setTimeout,Call setTimeout,escalated,0.98784566,1
540,escalated,high,79.0,,,,rule-396ebe8bb0c3dc5d4eb2b5368a97688fdb0f2587416453645c3d06db2b216479,Cross-site Scripting (XSS),escalated,0.9900757,1
541,escalated,high,77.0,,,,rule-5e8e5af630e323f31857c1cc395ce98e2bf222272a7adf06b13a4ba4154b1893,Command Injection,escalated,0.9978881,1
542,escalated,high,,The function addEventListener can be unsafe,scanjs-rules,ESLint,ESLINT-SCANJS-RULES-call_addEventListener,Call addEventListener,escalated,0.99092185,1
543,escalated,high,79.0,Non-HTML variable 'str' is used to store raw HTML,xss,ESLint,rule-396ebe8bb0c3dc5d4eb2b5368a97688fdb0f2587416453645c3d06db2b216479,Cross-site Scripting (XSS),escalated,0.99418104,1
544,escalated,high,79.0,Unencoded input 'label' used in HTML context,xss,ESLint,rule-396ebe8bb0c3dc5d4eb2b5368a97688fdb0f2587416453645c3d06db2b216479,Cross-site Scripting (XSS),escalated,0.9943628,1
545,escalated,high,,The function addEventListener can be unsafe,scanjs-rules,ESLint,ESLINT-SCANJS-RULES-call_addEventListener,Call addEventListener,escalated,0.99092185,1
546,escalated,high,79.0,Unencoded input 'val' used in HTML context,xss,ESLint,rule-396ebe8bb0c3dc5d4eb2b5368a97688fdb0f2587416453645c3d06db2b216479,Cross-site Scripting (XSS),escalated,0.99434793,1
547,escalated,high,79.0,,,,rule-396ebe8bb0c3dc5d4eb2b5368a97688fdb0f2587416453645c3d06db2b216479,Cross-site Scripting (XSS),escalated,0.9900757,1
548,escalated,high,77.0,Function Call Object Injection Sink,security,ESLint,rule-5e8e5af630e323f31857c1cc395ce98e2bf222272a7adf06b13a4ba4154b1893,Command Injection,escalated,0.9988678,1
549,escalated,high,79.0,Unencoded input 'str' used in HTML context,xss,ESLint,rule-396ebe8bb0c3dc5d4eb2b5368a97688fdb0f2587416453645c3d06db2b216479,Cross-site Scripting (XSS),escalated,0.9938922,1
550,escalated,high,,The function addEventListener can be unsafe,scanjs-rules,ESLint,ESLINT-SCANJS-RULES-call_addEventListener,Call addEventListener,escalated,0.99092185,1
551,escalated,high,79.0,Unencoded input 'sym[0]' used in HTML context,xss,ESLint,rule-396ebe8bb0c3dc5d4eb2b5368a97688fdb0f2587416453645c3d06db2b216479,Cross-site Scripting (XSS),escalated,0.99405855,1
552,escalated,high,79.0,,,,rule-396ebe8bb0c3dc5d4eb2b5368a97688fdb0f2587416453645c3d06db2b216479,Cross-site Scripting (XSS),escalated,0.9900757,1
553,escalated,high,79.0,Non-HTML variable 'str' is used to store raw HTML,xss,ESLint,rule-396ebe8bb0c3dc5d4eb2b5368a97688fdb0f2587416453645c3d06db2b216479,Cross-site Scripting (XSS),escalated,0.99418104,1
554,escalated,high,79.0,Unencoded input 'self.type' used in HTML context,xss,ESLint,rule-396ebe8bb0c3dc5d4eb2b5368a97688fdb0f2587416453645c3d06db2b216479,Cross-site Scripting (XSS),escalated,0.9941151,1
555,escalated,high,79.0,Unencoded input 'comma' used in HTML context,xss,ESLint,rule-396ebe8bb0c3dc5d4eb2b5368a97688fdb0f2587416453645c3d06db2b216479,Cross-site Scripting (XSS),escalated,0.9942875,1
556,escalated,high,79.0,Unencoded input 'self.type' used in HTML context,xss,ESLint,rule-396ebe8bb0c3dc5d4eb2b5368a97688fdb0f2587416453645c3d06db2b216479,Cross-site Scripting (XSS),escalated,0.9941151,1
557,escalated,high,79.0,Unencoded input 'label' used in HTML context,xss,ESLint,rule-396ebe8bb0c3dc5d4eb2b5368a97688fdb0f2587416453645c3d06db2b216479,Cross-site Scripting (XSS),escalated,0.9943628,1
558,escalated,high,79.0,Non-HTML variable 'str' is used to store raw HTML,xss,ESLint,rule-396ebe8bb0c3dc5d4eb2b5368a97688fdb0f2587416453645c3d06db2b216479,Cross-site Scripting (XSS),escalated,0.99418104,1
559,escalated,high,77.0,Generic Object Injection Sink,security,ESLint,rule-5e8e5af630e323f31857c1cc395ce98e2bf222272a7adf06b13a4ba4154b1893,Command Injection,escalated,0.9992472,1
560,escalated,high,79.0,Unencoded input 'sym[1]' used in HTML context,xss,ESLint,rule-396ebe8bb0c3dc5d4eb2b5368a97688fdb0f2587416453645c3d06db2b216479,Cross-site Scripting (XSS),escalated,0.99432456,1
561,escalated,high,77.0,,,,rule-5e8e5af630e323f31857c1cc395ce98e2bf222272a7adf06b13a4ba4154b1893,Command Injection,escalated,0.9978881,1
562,escalated,high,77.0,,,,rule-5e8e5af630e323f31857c1cc395ce98e2bf222272a7adf06b13a4ba4154b1893,Command Injection,escalated,0.9978881,1
563,escalated,high,77.0,,,,rule-5e8e5af630e323f31857c1cc395ce98e2bf222272a7adf06b13a4ba4154b1893,Command Injection,escalated,0.9978881,1
564,escalated,high,77.0,,,,rule-5e8e5af630e323f31857c1cc395ce98e2bf222272a7adf06b13a4ba4154b1893,Command Injection,escalated,0.9978881,1
565,escalated,high,77.0,,,,rule-5e8e5af630e323f31857c1cc395ce98e2bf222272a7adf06b13a4ba4154b1893,Command Injection,escalated,0.9978881,1
566,escalated,high,77.0,,,,rule-5e8e5af630e323f31857c1cc395ce98e2bf222272a7adf06b13a4ba4154b1893,Command Injection,escalated,0.9978881,1
567,escalated,high,77.0,Function Call Object Injection Sink,security,ESLint,rule-5e8e5af630e323f31857c1cc395ce98e2bf222272a7adf06b13a4ba4154b1893,Command Injection,escalated,0.9988678,1
568,escalated,high,77.0,Generic Object Injection Sink,security,ESLint,rule-5e8e5af630e323f31857c1cc395ce98e2bf222272a7adf06b13a4ba4154b1893,Command Injection,escalated,0.9992472,1
569,escalated,high,77.0,,,,rule-5e8e5af630e323f31857c1cc395ce98e2bf222272a7adf06b13a4ba4154b1893,Command Injection,escalated,0.9978881,1
570,escalated,high,77.0,,,,rule-5e8e5af630e323f31857c1cc395ce98e2bf222272a7adf06b13a4ba4154b1893,Command Injection,escalated,0.9978881,1
571,escalated,high,77.0,,,,rule-5e8e5af630e323f31857c1cc395ce98e2bf222272a7adf06b13a4ba4154b1893,Command Injection,escalated,0.9978881,1
572,escalated,high,697.0,,,,rule-c271f2bb931810eef633f7c736d1dd934fbd6ed5f62ac8d8ea39ade811190622,Comparison,escalated,0.9792514,1
573,escalated,high,77.0,,,,rule-5e8e5af630e323f31857c1cc395ce98e2bf222272a7adf06b13a4ba4154b1893,Command Injection,escalated,0.9978881,1
574,escalated,high,77.0,,,,rule-5e8e5af630e323f31857c1cc395ce98e2bf222272a7adf06b13a4ba4154b1893,Command Injection,escalated,0.9978881,1
575,escalated,high,77.0,,,,rule-5e8e5af630e323f31857c1cc395ce98e2bf222272a7adf06b13a4ba4154b1893,Command Injection,escalated,0.9978881,1
576,escalated,high,310.0,,,,rule-59d771a5e4ef511d4d8b951a046780e3950d32fb4e93a55166d2fe6d18e8b8db,Cryptographic Issue,escalated,0.98209167,1
577,escalated,high,77.0,,,,rule-5e8e5af630e323f31857c1cc395ce98e2bf222272a7adf06b13a4ba4154b1893,Command Injection,escalated,0.9978881,1
578,escalated,high,77.0,,,,rule-5e8e5af630e323f31857c1cc395ce98e2bf222272a7adf06b13a4ba4154b1893,Command Injection,escalated,0.9978881,1
579,escalated,high,77.0,,,,rule-5e8e5af630e323f31857c1cc395ce98e2bf222272a7adf06b13a4ba4154b1893,Command Injection,escalated,0.9978881,1
580,escalated,high,77.0,,,,rule-5e8e5af630e323f31857c1cc395ce98e2bf222272a7adf06b13a4ba4154b1893,Command Injection,escalated,0.9978881,1
581,escalated,high,77.0,,,,rule-5e8e5af630e323f31857c1cc395ce98e2bf222272a7adf06b13a4ba4154b1893,Command Injection,escalated,0.9978881,1
582,escalated,high,77.0,Generic Object Injection Sink,security,ESLint,rule-5e8e5af630e323f31857c1cc395ce98e2bf222272a7adf06b13a4ba4154b1893,Command Injection,escalated,0.9992472,1
583,escalated,high,77.0,,,,rule-5e8e5af630e323f31857c1cc395ce98e2bf222272a7adf06b13a4ba4154b1893,Command Injection,escalated,0.9978881,1
584,escalated,high,77.0,,,,rule-5e8e5af630e323f31857c1cc395ce98e2bf222272a7adf06b13a4ba4154b1893,Command Injection,escalated,0.9978881,1
585,escalated,high,77.0,,,,rule-5e8e5af630e323f31857c1cc395ce98e2bf222272a7adf06b13a4ba4154b1893,Command Injection,escalated,0.9978881,1
586,escalated,high,77.0,Generic Object Injection Sink,security,ESLint,rule-5e8e5af630e323f31857c1cc395ce98e2bf222272a7adf06b13a4ba4154b1893,Command Injection,escalated,0.9992472,1
587,escalated,high,77.0,Generic Object Injection Sink,security,ESLint,rule-5e8e5af630e323f31857c1cc395ce98e2bf222272a7adf06b13a4ba4154b1893,Command Injection,escalated,0.9992472,1
588,escalated,high,77.0,,,,rule-5e8e5af630e323f31857c1cc395ce98e2bf222272a7adf06b13a4ba4154b1893,Command Injection,escalated,0.9978881,1
589,escalated,high,77.0,,,,rule-5e8e5af630e323f31857c1cc395ce98e2bf222272a7adf06b13a4ba4154b1893,Command Injection,escalated,0.9978881,1
590,escalated,high,77.0,,,,rule-5e8e5af630e323f31857c1cc395ce98e2bf222272a7adf06b13a4ba4154b1893,Command Injection,escalated,0.9978881,1
591,escalated,high,,,,,ESLINT-SCANJS-RULES-call_addEventListener,Call addEventListener,escalated,0.9829422,1
592,escalated,high,77.0,Generic Object Injection Sink,security,ESLint,rule-5e8e5af630e323f31857c1cc395ce98e2bf222272a7adf06b13a4ba4154b1893,Command Injection,escalated,0.9992472,1
593,escalated,high,77.0,,,,rule-5e8e5af630e323f31857c1cc395ce98e2bf222272a7adf06b13a4ba4154b1893,Command Injection,escalated,0.9978881,1
594,escalated,high,77.0,,,,rule-5e8e5af630e323f31857c1cc395ce98e2bf222272a7adf06b13a4ba4154b1893,Command Injection,escalated,0.9978881,1
595,escalated,high,77.0,,,,rule-5e8e5af630e323f31857c1cc395ce98e2bf222272a7adf06b13a4ba4154b1893,Command Injection,escalated,0.9978881,1
596,escalated,high,77.0,Generic Object Injection Sink,security,ESLint,rule-5e8e5af630e323f31857c1cc395ce98e2bf222272a7adf06b13a4ba4154b1893,Command Injection,escalated,0.9992472,1
597,escalated,high,77.0,Generic Object Injection Sink,security,ESLint,rule-5e8e5af630e323f31857c1cc395ce98e2bf222272a7adf06b13a4ba4154b1893,Command Injection,escalated,0.9992472,1
598,escalated,high,77.0,,,,rule-5e8e5af630e323f31857c1cc395ce98e2bf222272a7adf06b13a4ba4154b1893,Command Injection,escalated,0.9978881,1
599,escalated,high,77.0,,,,rule-5e8e5af630e323f31857c1cc395ce98e2bf222272a7adf06b13a4ba4154b1893,Command Injection,escalated,0.9978881,1
600,escalated,high,77.0,,,,rule-5e8e5af630e323f31857c1cc395ce98e2bf222272a7adf06b13a4ba4154b1893,Command Injection,escalated,0.9978881,1
601,escalated,high,77.0,Function Call Object Injection Sink,security,ESLint,rule-5e8e5af630e323f31857c1cc395ce98e2bf222272a7adf06b13a4ba4154b1893,Command Injection,escalated,0.9988678,1
602,escalated,high,77.0,,,,rule-5e8e5af630e323f31857c1cc395ce98e2bf222272a7adf06b13a4ba4154b1893,Command Injection,escalated,0.9978881,1
603,escalated,high,77.0,,,,rule-5e8e5af630e323f31857c1cc395ce98e2bf222272a7adf06b13a4ba4154b1893,Command Injection,escalated,0.9978881,1
604,escalated,high,77.0,,,,rule-5e8e5af630e323f31857c1cc395ce98e2bf222272a7adf06b13a4ba4154b1893,Command Injection,escalated,0.9978881,1
605,escalated,high,77.0,,,,rule-5e8e5af630e323f31857c1cc395ce98e2bf222272a7adf06b13a4ba4154b1893,Command Injection,escalated,0.9978881,1
606,escalated,high,77.0,,,,rule-5e8e5af630e323f31857c1cc395ce98e2bf222272a7adf06b13a4ba4154b1893,Command Injection,escalated,0.9978881,1
607,escalated,high,77.0,,,,rule-5e8e5af630e323f31857c1cc395ce98e2bf222272a7adf06b13a4ba4154b1893,Command Injection,escalated,0.9978881,1
608,escalated,high,77.0,,,,rule-5e8e5af630e323f31857c1cc395ce98e2bf222272a7adf06b13a4ba4154b1893,Command Injection,escalated,0.9978881,1
609,escalated,high,77.0,Variable Assigned to Object Injection Sink,security,ESLint,rule-5e8e5af630e323f31857c1cc395ce98e2bf222272a7adf06b13a4ba4154b1893,Command Injection,escalated,0.9989835,1
610,escalated,high,77.0,,,,rule-5e8e5af630e323f31857c1cc395ce98e2bf222272a7adf06b13a4ba4154b1893,Command Injection,escalated,0.9978881,1
611,escalated,high,77.0,,,,rule-5e8e5af630e323f31857c1cc395ce98e2bf222272a7adf06b13a4ba4154b1893,Command Injection,escalated,0.9978881,1
612,escalated,high,77.0,Generic Object Injection Sink,security,ESLint,rule-5e8e5af630e323f31857c1cc395ce98e2bf222272a7adf06b13a4ba4154b1893,Command Injection,escalated,0.9992472,1
613,escalated,high,77.0,,,,rule-5e8e5af630e323f31857c1cc395ce98e2bf222272a7adf06b13a4ba4154b1893,Command Injection,escalated,0.9978881,1
614,escalated,high,77.0,Generic Object Injection Sink,security,ESLint,rule-5e8e5af630e323f31857c1cc395ce98e2bf222272a7adf06b13a4ba4154b1893,Command Injection,escalated,0.9992472,1
615,escalated,high,77.0,,,,rule-5e8e5af630e323f31857c1cc395ce98e2bf222272a7adf06b13a4ba4154b1893,Command Injection,escalated,0.9978881,1
616,escalated,high,77.0,,,,rule-5e8e5af630e323f31857c1cc395ce98e2bf222272a7adf06b13a4ba4154b1893,Command Injection,escalated,0.9978881,1
617,escalated,high,77.0,Generic Object Injection Sink,security,ESLint,rule-5e8e5af630e323f31857c1cc395ce98e2bf222272a7adf06b13a4ba4154b1893,Command Injection,escalated,0.9992472,1
618,escalated,high,77.0,Generic Object Injection Sink,security,ESLint,rule-5e8e5af630e323f31857c1cc395ce98e2bf222272a7adf06b13a4ba4154b1893,Command Injection,escalated,0.9992472,1
619,escalated,high,77.0,,,,rule-5e8e5af630e323f31857c1cc395ce98e2bf222272a7adf06b13a4ba4154b1893,Command Injection,escalated,0.9978881,1
